gene_id,s1.c2,s10.c2,s11.c2,s12.c2,s2.c2,s3.c2,s4.c2,s5.c2,s6.c2,s7.c2,s8.c2,s9.c2
Cers6,1841,2078,1813,1191,1350,1310,1380,2212,2037,1801,4172,1949
Gm14023,13,11,7,11,5,2,0,10,0,10,12,19
Bpifb3,0,0,0,0,0,0,0,0,0,0,0,0
Bpifb2,0,0,0,0,0,0,0,0,0,0,0,0
Bpifb1,0,12,29,0,5,146,15,49,85,3,16,29
Olfr1290,0,0,0,0,0,0,0,0,0,0,0,0
Olfr1297,0,0,0,0,0,0,0,0,0,0,0,0
Bpifb6,0,0,0,0,0,0,0,0,0,0,0,0
Olfr1295,0,0,0,0,0,0,0,0,0,0,0,0
Bpifb4,2,0,0,0,0,0,0,0,0,0,0,0
Olfr1299,0,0,0,0,0,0,0,0,0,0,0,0
Olfr1298,0,0,0,0,0,0,0,0,0,0,0,0
Olfr1051,0,0,0,0,0,0,0,0,0,0,0,0
Olfr1053,0,0,0,0,0,0,0,0,0,0,0,0
Olfr1052,0,0,0,0,0,0,0,0,0,0,0,0
Olfr1055,0,0,0,0,0,0,0,0,0,0,0,0
Olfr1054,0,0,0,0,0,0,0,0,0,0,0,0
Olfr1057,0,0,0,0,0,0,0,0,0,0,0,0
Olfr1056,0,0,0,0,0,0,0,0,0,0,0,0
Olfr1058,0,0,0,0,0,0,0,0,0,0,0,0
Mir2861,4,6,6,10,3,3,13,4,5,5,4,13
R3hdml,0,0,0,0,0,0,0,0,0,0,0,0
B2m,23022,42048,36678,24076,22192,17913,22391,91552,100675,74955,155892,35313
Gm14440,1067,1483,949,765,910,813,714,716,702,641,1381,1038
Them7,5,0,2,4,0,3,4,0,0,0,3,0
Gm14151,0,0,0,0,0,0,0,0,0,0,0,0
Samd10,12,21,21,19,21,19,11,11,11,15,22,28
Ubac1,614,640,561,484,584,518,532,569,769,454,994,722
Cstf1,642,681,589,445,465,408,501,590,711,482,1007,629
Cstf3,417,550,415,340,398,341,422,554,645,398,848,440
Gad1os,0,0,0,0,0,0,0,0,0,0,4,0
Ocstamp,0,0,0,0,0,0,0,0,2,0,3,0
Mettl8,128,208,160,138,142,107,141,175,214,125,251,203
Cebpb,12073,10143,7235,8912,8468,5728,11047,7852,7754,4712,14551,10978
Acvr1,1801,1467,1703,1259,1770,1419,1883,1406,1370,1199,2372,1746
Vps18,975,986,828,713,815,660,742,791,945,560,1322,925
Fubp3,1302,1421,1200,972,1011,1002,1133,1314,1458,1127,2270,1266
Mettl5,135,197,127,115,156,133,112,166,136,97,219,152
Slc25a12,1112,1439,1196,926,949,928,1061,1018,1166,778,1520,1381
Rtel1,861,987,789,749,751,574,653,790,997,706,1452,804
Nmt2,1145,1139,1048,977,1095,1045,1164,941,1067,839,1767,1159
Aven,275,306,249,195,237,225,248,326,346,192,466,322
Bpifb5,0,0,0,0,0,0,0,0,0,2,0,0
Olfr1294,0,0,0,0,0,0,0,0,0,0,0,0
March7,1090,1353,1101,868,763,937,943,1027,1057,831,1597,1271
Sstr4,2,7,11,11,6,3,6,7,2,1,4,5
Rbck1,2521,2715,2372,2028,2092,1889,2015,2239,2494,1564,3593,2748
Rabgap1,1801,2080,1976,1346,1527,1458,1697,1700,1875,1416,2854,2039
Npdc1,2675,3478,3158,2841,2437,2191,2460,2215,2585,1533,3145,3458
Spo11,0,0,0,0,0,0,0,0,0,0,0,0
Zswim1,265,305,275,199,237,193,214,238,251,159,378,273
Zswim2,0,0,0,0,0,0,0,0,0,0,0,0
Zswim3,183,174,180,145,130,99,128,143,157,83,215,173
Hoxd3os1,0,0,0,0,0,0,0,0,0,0,0,0
Ppp1r16b,72,67,68,52,32,48,18,72,40,26,119,105
Ndrg3,1523,1875,1747,1271,1350,1223,1379,1612,1932,1048,2394,1901
Ttc30a2,182,202,196,128,142,128,147,140,160,93,153,193
Ttc30a1,189,223,216,163,165,145,173,203,234,123,229,243
Madd,395,386,273,319,315,290,306,391,389,257,693,355
H13,4179,4313,4121,3205,3560,2851,3631,4444,4655,3106,7773,4470
Rpap1,932,1014,784,693,801,696,661,919,1097,698,1552,876
Klhl41,0,10,2,3,3,3,3,7,10,0,7,10
4933406J08Rik,0,0,0,0,0,0,0,0,0,0,0,0
Lama5,2264,2388,1845,1755,1234,1395,1550,3734,5041,1925,7193,1873
Tshz2,2852,3771,3352,2693,2738,2488,2987,2324,2547,2099,4356,3759
Mir133a-2,0,0,0,0,0,0,0,0,0,0,0,0
Foxs1,140,160,204,141,156,146,177,198,258,71,266,175
Sall4,0,0,0,0,0,0,0,0,0,0,0,0
Arhgap11a,50,78,47,37,67,49,58,208,379,252,340,48
Stx16,819,1726,1277,1303,1494,1121,1389,1355,1425,1072,2318,1532
4930443O20Rik,4,8,7,12,19,6,14,5,4,12,25,4
Slc17a9,31,58,23,32,43,19,29,81,95,81,166,24
Srms,0,5,0,0,0,0,0,0,0,4,3,0
P2rx3,2,0,3,7,8,3,4,6,8,3,14,0
Olfr1197,0,0,0,0,0,0,0,0,0,0,0,0
Spint3,0,0,0,0,0,0,0,0,0,0,0,0
Spint1,0,4,6,0,0,3,8,2,6,0,10,5
Spint4,0,0,0,0,0,0,0,0,0,0,0,0
8030442B05Rik,0,5,3,0,0,0,0,3,0,0,0,5
Psmd5,917,1134,893,704,778,734,868,1064,1225,737,1545,988
Ralgps1,118,169,136,129,156,103,144,84,103,46,160,173
Mir147,0,1,1,2,0,1,1,1,1,1,1,1
Agpat2,654,696,610,534,535,509,590,686,725,540,1360,714
Stam,1102,1283,1122,922,1064,1004,1022,1077,1067,723,1561,1219
Lcn5,0,0,0,0,0,0,0,0,0,0,0,0
Lcn4,0,0,0,0,0,0,0,0,0,0,0,0
Lcn6,0,0,0,0,0,0,0,0,0,0,0,0
Lcn3,0,0,0,0,0,0,0,0,0,0,0,0
Itpripl1,152,172,189,136,158,120,179,164,245,129,299,147
Prpf18,1228,1473,1202,952,1182,1037,1063,1061,1136,819,1713,1418
Lcn9,0,0,0,0,0,0,0,0,0,0,0,0
Lcn8,0,0,0,0,0,0,0,0,0,0,0,0
Tmem203,307,362,293,209,233,223,216,249,274,219,374,299
Gm16796,0,0,0,0,4,0,6,4,0,3,5,0
Mir3089,0,0,0,1,0,0,0,0,0,0,1,1
Nron,0,0,0,0,7,2,4,2,0,0,0,0
Zfp442,144,171,111,87,91,73,111,124,157,90,157,128
BC039771,0,41,33,20,2,23,42,33,3,0,56,0
Slc27a4,1460,1351,1461,1134,1404,1156,1400,1460,1656,880,2358,1535
Slc27a2,0,0,0,0,0,0,0,0,0,0,0,0
Uck1,2087,2254,1804,1627,1665,1332,1581,1350,1368,795,1889,2191
Abo,0,0,0,0,0,0,0,0,0,0,0,0
Fign,282,334,249,219,220,198,251,280,326,231,529,322
Dfnb59,0,0,0,0,0,0,0,0,0,0,2,0
AV039307,14,25,22,19,28,14,11,16,11,13,38,9
Fam78a,2,2,0,0,2,6,4,7,7,0,11,4
A430105I19Rik,846,1003,789,803,639,580,613,554,623,554,1215,952
Pla2g4e,0,0,0,0,0,0,0,0,0,0,0,0
8430427H17Rik,782,758,605,520,654,514,594,657,533,358,881,761
Gpsm1,3025,3202,2657,2730,2818,2490,2706,1985,1994,1696,3354,3075
Kbtbd4,406,445,435,303,375,308,320,442,537,292,620,452
Ermn,0,0,0,0,0,0,0,0,0,0,0,0
Slc24a5,19,34,16,9,14,18,14,9,30,5,19,13
Slc24a3,2217,1903,1537,1017,1534,1353,1470,1145,1009,823,1798,1935
Defb36,0,0,0,0,0,0,0,0,0,0,0,0
Nsfl1c,1600,2001,1707,1442,1571,1235,1596,1861,2143,1337,3254,1824
Usp8,2404,2709,2317,1733,2053,1803,2156,2335,2596,1769,3718,2550
Rif1,1022,1235,959,814,901,963,1082,1042,1108,840,1632,1079
Stau1,3299,3278,3136,2446,2588,2268,2811,2959,3262,2403,5423,3174
Mir130a,0,0,0,0,0,0,0,0,0,0,0,0
Ano3,3,16,9,7,9,10,9,4,10,5,9,29
Olfr1110,0,0,0,0,0,0,0,0,0,0,0,0
Olfr1111,0,0,0,0,0,0,0,0,0,0,0,0
Card9,5,8,0,6,0,2,11,2,5,5,17,8
Olfr1113,0,0,0,0,0,0,0,0,0,0,0,0
Olfr1115,0,0,0,0,0,0,0,0,0,0,0,0
Olfr1118,0,0,0,0,0,0,0,0,0,0,0,0
4930426L09Rik,2,18,7,7,2,2,4,5,6,15,12,1
Uqcc1,738,891,746,573,597,587,692,671,780,519,1027,932
Znf512b,2210,2321,1873,1972,1966,1517,1959,1673,1901,1452,3353,2193
Acvr1c,0,0,0,2,0,0,0,0,0,0,0,0
Stom,655,950,814,591,554,607,643,1101,1581,777,1605,823
Hat1,335,395,322,216,294,276,360,573,895,498,853,373
Rpl35,4114,5660,5359,4527,4443,4248,4792,6565,7986,5156,10478,5446
Ppip5k1,1237,1396,1246,986,1109,942,1052,803,721,551,1430,1369
Vsx1,0,0,0,0,0,0,0,0,0,0,0,0
Slco4a1,0,5,0,0,0,0,0,130,313,92,131,3
Bcas1,7,6,5,12,4,4,4,5,3,6,3,8
A730036I17Rik,0,0,0,0,0,0,0,0,0,0,0,0
Oxt,0,3,0,0,0,0,5,0,0,0,0,0
Olfr1099,0,0,0,0,0,0,0,0,0,0,0,0
Ino80,1206,1433,1203,1068,1136,953,1178,1298,1447,1084,2627,1300
Sfmbt2,8,12,11,5,22,11,10,15,18,23,24,4
BB557941,0,0,0,0,0,0,0,0,0,0,0,0
Blvra,264,408,355,277,266,252,278,358,407,269,564,373
Setx,1340,1776,1414,1129,1360,1207,1462,1478,1810,1239,2523,1589
Olfr1024,0,0,0,0,0,0,0,0,0,0,0,0
Snrnp200,4942,5826,4858,3739,3910,3890,4334,4602,5249,3743,8022,5781
Olfr1026,0,0,0,0,0,0,0,0,0,0,0,0
Zdhhc5,2883,3194,3081,2186,2649,2431,2814,3542,4170,2712,5940,3272
Olfr1022,0,0,0,0,0,0,0,0,0,0,0,0
Olfr1023,0,0,0,0,0,0,0,0,0,0,0,0
4930442J19Rik,0,0,0,0,0,0,0,0,0,0,0,0
Olfr1028,0,0,0,0,0,0,0,0,0,0,0,0
Bhlhe23,0,0,0,0,0,0,0,0,0,0,0,0
Gm14308,0,1,0,0,0,0,0,0,1,0,2,0
Cst8,0,0,0,0,0,0,0,0,0,0,0,0
Cst9,0,0,0,0,0,0,0,0,0,0,0,0
Uap1l1,699,1070,973,787,748,672,815,796,957,627,1230,981
Vps16,1354,1611,1436,1292,1152,958,1174,1296,1505,1060,2601,1518
AI182371,0,17,3,5,14,0,7,0,11,13,16,13
Cst3,45972,53711,48669,36194,42186,34759,40889,31250,29870,23814,44142,46761
Gm14305,249,625,475,207,359,443,528,576,500,343,668,663
Cst7,0,0,0,0,0,0,0,0,0,0,0,0
Gm14306,6,0,0,0,0,0,0,0,0,0,0,0
Wdr5,1116,1245,1099,887,1067,847,1098,1196,1478,916,2102,1224
Gm14164,0,0,0,0,0,0,0,0,0,0,0,0
Gm14169,0,2,0,0,0,0,0,0,0,0,2,0
Ptf1a,0,0,0,0,0,0,0,0,0,0,0,0
Gm14496,0,0,0,0,0,0,0,0,0,0,0,0
Olfr1221,0,0,0,0,0,0,0,0,0,0,0,0
Naa20,739,1013,771,613,824,674,737,878,1058,709,1355,860
Gm996,24,30,35,23,32,16,21,23,24,11,31,31
Pdss1,81,88,62,57,67,65,81,75,94,120,200,92
Gm14015,0,0,0,0,0,0,0,0,0,0,0,0
Tgm2,22746,27071,22645,14581,16467,15596,15741,22333,21837,15914,38293,23623
Tgm3,0,0,0,0,0,0,0,0,0,0,0,0
Tgm5,2,0,0,0,3,0,0,0,0,0,0,0
Tgm6,0,0,0,0,0,0,0,0,0,0,0,0
Tgm7,0,0,0,7,0,0,5,0,0,0,0,0
Abhd12,1760,1961,1686,1357,1595,1252,1540,1475,1402,1133,2181,1973
Mageb3,3,7,3,4,2,3,3,7,3,2,10,2
Med27,438,538,458,354,387,347,404,426,523,343,763,521
Tor4a,411,526,493,324,407,286,364,408,520,254,571,463
Slc4a11,12,33,6,28,16,13,9,23,31,15,41,22
Slc4a10,4,8,7,17,14,2,0,4,0,5,9,39
Zfp133-ps,8,21,13,13,11,9,9,12,30,3,12,18
Rad21l,0,0,0,0,0,0,0,0,0,0,0,0
9430021M05Rik,0,0,0,0,0,0,0,0,0,0,0,0
Vim,50932,61751,52466,42082,49733,44712,50182,66383,80464,53150,100905,57942
Lamp5,0,0,0,0,0,0,0,0,0,0,0,0
Prom2,0,0,0,0,0,0,0,0,0,0,0,3
Myt1,0,0,0,0,0,0,0,0,0,0,0,0
Arhgap15os,0,0,0,0,0,0,0,0,0,0,0,0
Id1,583,749,715,482,751,477,574,819,877,468,971,679
Tmem62,309,482,372,298,309,242,299,247,249,204,435,416
Raly,3379,3939,3321,2702,3006,2584,3238,4002,4817,2875,6257,3669
Fam129b,2553,2907,2829,2030,2620,2256,2535,4187,5497,3305,8032,2611
Dut,345,452,378,301,329,307,340,601,1012,452,887,421
D630003M21Rik,523,831,820,653,614,548,640,320,437,266,356,799
Itch,2293,2381,2142,1118,1881,1874,1622,2064,2189,1610,3118,2318
Cel,0,8,6,6,0,0,5,4,0,0,5,0
Notch1,3052,2660,2558,2159,2246,2373,2373,2935,2673,1821,5142,3155
Gzf1,837,1069,869,682,779,695,719,761,786,597,1213,980
St6galnac6,2023,2345,1926,1532,1892,1489,1749,1479,1791,1126,2219,1992
St6galnac4,523,545,490,418,441,388,434,591,659,386,906,534
Pip5kl1,0,4,0,2,2,0,0,3,0,0,0,0
Olfml2a,127,213,238,259,185,216,150,96,118,53,93,329
Ttc30b,632,677,606,447,518,507,471,413,503,336,574,716
4930402H24Rik,2651,2864,2396,1788,2093,2004,2452,2109,2197,1637,3439,2805
Strc,23,6,8,7,5,3,4,13,10,6,20,15
Set,2571,2592,2352,1547,2341,1775,2426,3813,5263,2902,4686,2567
Ganc,851,934,868,647,728,675,735,753,665,494,1101,937
Emc4,771,922,772,633,720,630,660,801,887,573,1192,875
Rtf1,1682,1986,1711,1297,1429,1360,1661,1484,1701,1146,2515,1808
Crat,1746,1808,1507,1310,1601,1286,1595,1418,1525,1052,2286,1750
Rspo4,73,39,23,29,42,60,56,48,37,36,101,54
Acvr2a,2297,2699,2232,1704,2134,2094,2158,2064,1790,1617,2674,2730
Optn,298,328,307,222,295,248,277,206,225,217,441,285
Tmem239,0,7,5,9,5,7,0,2,5,4,16,5
1110034G24Rik,170,228,208,178,164,138,159,153,141,98,216,232
Scn1a,0,0,0,0,0,0,2,0,0,0,0,0
Tmem236,2,0,0,0,4,3,0,3,0,2,3,0
Tmem230,626,759,582,428,576,455,491,537,593,402,831,604
Atp5g3,2122,2692,2145,1640,2251,1846,2137,3196,3587,2363,4441,2357
Mcm8,51,81,31,31,41,13,36,109,182,70,165,42
Mir511,0,0,0,0,0,0,0,0,0,0,0,0
Gm16523,7,6,9,2,8,4,9,9,7,10,12,10
Ciz1,1611,1765,1489,1476,1327,1172,1320,1477,1706,1145,2751,1679
Mtx2,641,781,590,502,559,467,610,737,854,600,1248,669
Pdrg1,1155,1409,1231,915,981,823,922,1179,1224,749,1860,1363
Muc15,0,0,8,0,0,0,0,0,0,0,0,2
Dnlz,650,755,641,536,566,472,569,685,908,518,1134,655
Pdyn,4,15,6,6,6,0,3,29,57,29,56,8
Cd44,2299,3213,2817,1794,2143,1720,1480,3068,6778,4234,5842,2824
Urm1,726,902,804,554,712,558,577,860,919,584,1309,825
Cd40,1490,1524,1263,867,1116,1032,1018,899,639,598,1409,1486
L3mbtl1,0,0,0,0,0,0,0,0,0,0,0,0
Rnf114,1256,1497,1334,1036,1221,965,1060,1683,1936,1363,3237,1453
Nutm1,0,0,0,0,0,0,0,3,0,0,0,0
Sec16a,4240,4698,4074,3570,3762,3391,4087,4363,4887,3389,8350,5039
Scai,392,491,356,368,494,393,451,326,370,385,676,435
Rassf2,725,1124,1185,1108,1025,987,1163,886,1053,667,1326,1286
Pcmtd2,1508,1721,1389,1060,1147,1307,1187,1060,1060,769,1479,1686
Ncoa3,3382,3718,3090,2661,2783,2752,2996,2534,2569,2000,4752,3506
Ncoa6,2095,2172,1968,1633,1858,1622,2217,1812,2067,1614,3507,2312
Ncoa5,1466,1589,1338,1268,1261,1055,1251,1331,1522,818,2300,1487
Mir126b,0,0,0,0,0,0,0,0,0,0,0,0
Csnk2a1,2729,3097,2544,2038,2723,2276,2535,2697,3035,2035,4179,2805
Grin1os,0,0,0,0,0,0,0,0,0,0,0,0
Nup35,472,622,527,413,476,345,516,603,724,468,957,542
Defb21,0,0,0,0,0,0,0,0,0,0,0,0
Defb20,0,0,0,0,0,0,0,0,0,0,0,0
Defb23,0,0,0,0,0,0,0,0,0,0,0,0
Defb22,0,0,0,0,0,0,0,0,0,0,0,0
Defb25,14,21,7,9,13,18,13,5,10,5,13,13
Defb26,0,0,0,0,0,0,0,0,0,0,0,0
Defb29,0,0,0,0,0,0,0,0,0,0,0,0
Defb28,0,0,0,0,0,0,0,0,0,0,0,0
Armc3,0,0,0,0,0,0,0,0,0,0,0,0
1700026D11Rik,0,0,0,0,0,0,0,0,0,0,0,0
Gcnt7,5,4,4,6,5,4,7,0,5,2,10,2
Exd1,14,21,31,13,12,16,15,31,18,12,45,19
Prg2,0,16,2,0,0,0,0,3,0,0,0,2
Ptk6,0,0,0,0,0,0,0,0,0,0,0,0
Naif1,170,181,144,99,116,117,70,120,161,79,173,175
Olfr1102,0,0,0,0,0,0,0,0,0,0,0,0
Olfr1101,0,0,0,0,0,0,0,0,0,0,0,0
Olfr1100,0,0,0,0,0,0,0,0,0,0,0,0
Olfr1107,0,0,0,0,0,0,0,0,0,0,0,0
Olfr1106,0,0,0,0,0,0,0,0,0,0,0,0
Olfr1105,0,0,0,0,0,0,0,0,0,0,0,0
Olfr1104,0,0,0,0,0,0,0,0,0,0,0,0
Olfr1109,0,0,0,0,0,0,0,0,0,0,0,0
Tmco5b,0,0,0,0,0,0,0,0,0,0,0,0
1700007K13Rik,0,3,0,0,0,0,0,0,0,0,0,0
Fcnb,0,0,0,0,0,0,0,0,0,0,0,0
AI847159,0,0,0,0,0,0,0,0,0,0,0,0
Wt1os,0,0,0,0,0,0,0,0,0,0,0,0
Tubb1,7,3,2,7,6,8,5,5,11,3,10,12
Mybpc3,0,3,0,0,0,0,0,0,0,0,0,0
Eppin,0,0,0,0,0,0,0,0,0,0,0,0
Ext2,4701,5199,4423,3470,4001,3436,4086,4875,5590,3569,7583,5103
Olfr1037,0,0,0,0,0,0,0,0,0,0,0,0
Olfr1036,9,3,7,3,5,6,4,4,4,2,4,2
Olfr1034,25,26,24,30,33,24,25,13,21,13,23,21
Olfr1033,381,465,347,373,454,360,402,282,293,309,607,389
Olfr1032,23,32,24,30,34,13,24,21,13,6,35,33
Olfr1031,0,0,0,0,0,0,0,0,0,0,0,0
Olfr1030,0,0,0,0,0,0,0,0,0,0,0,0
Ryr3,89,184,156,190,60,65,51,43,61,34,113,206
Sdc4,8232,9851,7272,5604,7416,6255,7385,8395,8300,6827,17938,7357
Sdccag3,2086,2268,1802,1771,1776,1538,1964,1606,1766,1166,3020,2178
Itgav,2630,3023,2615,1968,2368,2291,2648,2638,3298,2098,3902,3091
9230104L09Rik,0,0,0,0,0,0,0,0,0,0,0,0
Ctxn2,0,0,0,0,0,0,0,0,0,0,0,0
Camk1d,157,223,228,220,169,206,176,111,120,98,130,279
Tspyl3,308,455,399,268,313,256,314,271,295,211,381,431
Gata5os,64,45,44,29,45,25,34,29,30,18,64,44
Phf19,61,93,49,40,43,31,46,151,302,129,222,65
Gpd2,552,692,584,461,445,491,575,567,624,491,888,621
Gle1,1495,1794,1532,1166,1306,1130,1289,1398,1648,1068,2143,1765
Itga8,44534,41245,37659,21318,25001,27137,29056,24839,21113,16726,32103,42192
Cep152,204,288,199,197,202,158,220,241,254,127,367,248
Ralgds,3225,3298,3099,2661,2642,2532,2301,2361,2458,1603,3658,3771
Tcfl5,0,0,0,0,0,0,0,0,4,0,0,0
Nop56,1373,1655,1303,1136,1321,962,1399,1634,1906,1271,3010,1353
Itga4,16,35,26,25,13,23,16,23,31,24,57,31
Itga6,78,63,60,28,48,87,23,93,80,39,202,122
Man1b1,2804,3055,2946,2181,2376,2027,2438,2983,3604,2039,4741,3105
Fkbp7,2117,2597,2278,1574,2053,1649,2009,1830,2131,1483,2599,2436
Gm14005,204,253,219,140,184,120,213,266,274,192,552,183
Cdk9,1691,1961,1677,1473,1573,1359,1485,1416,1679,1075,2511,1890
Kcnip3,100,205,150,172,111,127,118,149,188,117,260,192
Pdhx,378,473,384,281,357,304,348,465,506,349,760,462
Mir6973b,1,1,1,1,0,1,1,3,1,1,1,1
Olfr1077-ps1,0,0,0,0,0,0,0,0,0,0,0,0
Cst10,0,0,0,0,0,0,0,0,0,0,0,0
Cst11,0,0,0,0,0,0,0,0,0,0,0,0
Pde1a,485,815,701,593,625,656,589,691,727,647,946,802
Cst13,0,0,0,0,0,0,0,0,0,0,0,0
D330050G23Rik,7,3,5,0,0,3,0,5,11,0,6,5
Aif1l,85,171,150,206,164,156,123,102,158,81,126,236
Fahd2a,167,184,136,119,138,97,152,144,115,103,207,167
Snrpb2,661,799,645,554,721,512,638,776,912,631,1137,748
Svs6,0,0,0,0,0,0,0,0,0,0,0,0
Svs4,0,0,0,0,0,0,0,0,0,0,0,0
Svs5,0,0,0,0,0,0,0,0,0,0,0,0
Svs2,0,0,0,0,0,0,0,0,0,0,0,0
Tomm34,1190,1382,1151,979,1003,858,932,886,997,627,1484,1305
Sppl2a,2349,2893,2406,1691,2441,2240,2288,2724,3029,2265,4169,2826
Hao1,0,0,0,0,0,0,0,0,0,0,0,0
Ppp1r14d,0,0,0,0,0,0,0,0,0,0,0,0
Edf1,2092,2387,2072,1598,1901,1510,1730,2467,3329,1864,3829,2122
Rbpjl,0,5,0,9,11,3,13,0,5,0,14,2
Sulf2,3152,3706,4145,4803,3909,4336,4618,2886,3028,2475,4192,5046
Itpa,592,804,594,497,588,461,563,852,1065,594,1317,725
Ebf4,353,359,248,253,245,197,229,166,172,136,349,260
Bbox1,3,2,0,0,6,0,5,0,0,3,0,4
5430417L22Rik,467,441,369,362,418,333,396,446,533,319,722,482
Arl5a,2447,2939,2689,1867,2531,2299,2283,2391,2902,1765,3184,2942
Arl5b,1117,1818,1218,948,982,1216,1420,1464,1329,1332,2170,1244
Olfr1313,0,0,0,0,0,0,0,0,0,0,0,0
Ctdspl2,927,1120,967,673,946,848,594,948,1061,780,967,888
Cacna1b,0,0,0,0,0,0,0,0,0,0,0,0
4932416H05Rik,194,232,220,160,166,189,184,195,214,131,253,237
Pltp,4736,6295,5909,4086,4662,3927,4257,4034,4150,3209,6024,5600
Cdca7,36,46,41,18,45,45,43,202,429,155,274,32
Usp20,525,595,526,450,450,386,416,421,528,356,802,557
Olfr1276,0,0,0,0,0,0,0,0,0,0,0,0
Olfr1271,0,0,0,0,0,0,0,0,0,0,0,0
Psmf1,873,1169,948,652,758,690,821,866,952,697,1392,1039
Dstn,6836,8611,7121,5223,7130,5859,6662,5908,6309,4540,7971,7669
Xrn2,1568,1917,1531,1121,1224,1213,1405,1726,2151,1517,2949,1700
Pde11a,0,0,0,0,0,0,0,2,0,0,0,0
Dusp2,6,11,8,2,5,4,7,3,8,7,11,2
Arhgap1,4183,4473,3874,2993,3426,2823,3678,4999,5517,3931,8161,4320
Garnl3,657,608,492,452,624,466,598,430,373,387,803,543
Olfr1311,0,0,0,0,0,0,0,0,0,0,0,0
Med22,1503,1523,1214,972,1287,967,1195,1397,1663,902,2109,1462
Pmepa1,11711,10800,10300,8008,10846,9158,11624,11345,11227,10015,21206,10496
Hoxd13,0,0,0,0,0,0,0,0,0,0,0,0
Dnm1,5050,5622,4747,4884,4711,3797,4918,2954,2950,2676,5672,5238
Dynlrb1,1693,2427,1909,1492,1759,1252,1829,1764,2214,1431,2829,2130
Fastkd5,273,374,314,193,292,225,274,267,296,194,442,298
Zfp64,566,615,548,414,466,380,436,465,502,334,723,599
Mir7222,0,0,0,0,0,0,0,0,0,0,0,0
Mir7221,0,0,0,0,0,0,0,0,0,0,0,0
Mir7224,0,0,0,0,0,0,0,0,0,0,1,0
Bfsp1,101,141,104,109,106,72,103,63,59,73,100,111
Syt13,2,22,32,16,5,0,3,172,521,117,119,14
Adamts13,0,0,0,0,0,0,0,0,0,0,0,0
Mir296,0,0,0,0,0,0,0,0,0,0,1,0
Bdnf,5,9,4,4,2,8,2,34,32,37,67,9
Mir298,0,0,0,0,0,0,0,0,0,0,0,0
Wfdc11,0,0,0,0,0,0,0,0,0,0,0,0
Wfdc10,4,0,0,0,2,7,0,0,2,0,4,0
Wfdc13,0,0,0,0,2,0,0,3,0,3,0,0
Wfdc12,0,9,16,3,0,2,0,14,12,12,32,8
Mtch2,2232,2731,2204,1632,2075,1877,2148,2548,2733,2176,4187,2514
Fam171b,125,185,194,219,165,212,200,163,199,101,117,234
Wfdc16,53,24,18,24,19,21,19,8,10,9,10,35
Ctcflos,0,0,0,0,0,0,0,0,0,0,0,0
Gm10804,0,0,0,0,0,0,0,0,0,0,4,0
Oprl1,0,0,2,0,0,2,0,4,0,0,2,0
Lgr4,328,384,369,366,394,338,381,320,372,273,488,462
Ehd4,643,741,562,446,464,536,426,598,638,421,962,811
2010009K17Rik,0,0,0,3,0,0,0,0,0,0,5,0
Fam166a,0,8,17,3,5,2,14,0,3,2,5,8
Ttf1,645,845,667,512,513,482,510,617,715,439,992,739
Scand1,777,678,647,713,556,561,705,719,752,459,1083,897
Abl1,5255,5720,5074,4449,4698,4267,4621,4823,5386,3907,8053,5823
A630075F10Rik,11,19,12,9,15,7,14,8,4,9,19,8
Cdh4,200,270,258,180,250,241,201,132,131,125,257,263
Mir7002,0,0,1,1,0,0,1,0,0,0,1,1
Mir7003,0,0,0,0,0,0,0,0,0,0,0,0
Mir7000,0,0,0,0,1,0,0,0,0,0,2,0
Mir7001,4,1,1,1,1,2,1,0,2,0,3,4
Mir7006,0,2,2,1,2,0,0,1,1,0,1,1
Defb19,0,0,0,0,0,0,0,0,0,0,0,0
Mir7004,0,0,1,1,1,1,1,1,1,1,1,1
Mir7005,9,4,4,5,1,2,4,10,7,6,14,1
Gjd2,0,0,0,0,0,0,0,0,0,0,0,0
Atp5e,1380,1964,1542,1241,1314,1129,1542,1726,2246,1403,2673,1585
0610010B08Rik,0,1,0,181,0,0,0,0,198,0,2,21
Rem1,1679,1414,1355,1099,1151,920,1167,1023,1062,628,1537,1465
Nup160,980,1189,979,621,836,804,949,1003,1233,862,1588,1073
Pkig,1549,1561,1521,1029,902,1079,1083,1750,1471,1600,2611,1731
Olfr1136,0,0,0,0,0,0,0,0,0,0,0,0
Olfr1137,0,0,0,0,0,0,0,0,0,0,0,0
Olfr1134,0,0,0,0,0,0,0,0,0,0,0,0
Olfr1135,0,0,0,0,0,0,0,0,0,0,0,0
Olfr1132,0,0,0,0,0,0,0,0,0,0,0,0
Olfr1133,0,0,0,0,0,0,0,0,0,0,0,0
Olfr1130,0,0,0,0,0,0,0,0,0,0,0,0
Olfr1131,0,0,0,0,0,0,0,0,0,0,0,0
Olfr1138,0,0,0,0,0,0,0,0,0,0,0,0
Ttpal,1026,1089,962,807,1024,730,898,1155,1208,926,1766,1039
Adra1d,49,67,46,42,38,35,32,39,35,14,39,64
Cubn,0,15,5,4,3,17,9,21,48,11,44,12
Pet117,1,6,2,6,1,1,2,1,13,2,2,1
Hc,14,122,7,27,68,80,201,20,115,0,18,40
Proser2,54,41,29,21,31,27,45,21,24,7,28,32
Gss,307,446,332,252,320,261,281,430,543,311,749,342
Emilin3,7,10,11,6,8,9,6,18,31,6,19,8
Banf2,0,0,0,0,0,0,0,0,0,0,0,0
Olfr1009,0,0,0,0,0,0,0,0,0,0,0,0
Olfr1002,0,0,0,0,0,0,0,0,0,0,0,0
Olfr1000,0,0,0,0,0,0,0,0,0,0,0,0
Patl2,0,0,0,0,0,0,0,2,0,0,0,0
Gsn,1100308,1196859,1211771,995900,1066214,1081119,1042657,488141,378977,370232,728977,1322256
5031425F14Rik,0,0,0,0,0,0,0,2,0,0,6,0
Spag4,27,21,13,19,24,10,18,8,14,12,37,22
Spint5,0,0,0,0,0,0,0,0,0,0,0,0
Wdsub1,1329,1465,1314,947,1177,1013,1222,1045,1018,756,1557,1435
Ncaph,14,20,30,18,21,22,27,237,516,226,324,27
Rtn4rl2,264,370,330,267,214,228,185,672,696,653,1621,334
Scp2d1,0,0,0,0,2,0,0,0,0,0,0,0
Lime1,1019,1003,840,922,878,631,724,638,622,442,1156,884
Fbxw2,1924,2237,2008,1426,1677,1403,1109,1715,1831,1283,2760,2093
Mir103-2,1,3,2,0,1,0,1,0,0,0,1,0
Fbxw5,1622,1870,1358,1384,1385,1109,1245,1323,1584,1037,2427,1612
Mir6997,0,0,0,1,1,1,2,1,0,2,0,1
Mir6996,0,1,1,0,0,0,0,0,0,0,1,0
Olfr1318,0,0,0,0,0,0,0,0,0,0,0,0
Olfr1316,0,0,0,0,0,0,0,0,0,0,0,0
Olfr1317,0,0,0,0,0,0,0,0,0,0,0,0
Olfr1314,0,0,0,0,0,0,0,0,0,0,0,0
Dhrs9,58,54,37,41,44,40,37,39,38,18,34,47
Olfr1312,0,0,0,0,0,0,0,0,0,0,0,0
Pard6b,223,273,240,173,183,184,185,209,231,114,279,256
Olfr1310,0,0,0,0,0,0,0,0,0,0,0,0
Mir6998,1,4,2,3,3,1,2,1,1,1,3,2
1700019L03Rik,16,17,6,17,21,12,24,15,31,11,62,18
4631405J19Rik,0,0,0,0,0,0,0,0,0,0,0,2
Svs3a,0,0,0,0,0,0,0,0,0,0,0,0
Procr,85,148,170,284,178,165,181,206,173,215,396,239
BC029722,996,1167,1011,841,875,825,867,872,939,691,1365,1197
Bcl2l11,1136,1200,1081,726,903,740,820,721,803,630,1210,1152
Znfx1,2938,3042,2673,2315,2348,2055,2365,3109,3148,2902,6866,3030
Acbd7,0,0,0,0,0,0,0,0,0,0,0,0
Acbd5,770,867,935,598,904,643,984,907,825,721,949,994
Ahcy,1439,1685,1456,1072,1086,1016,1156,1826,2524,1465,2606,1612
Fam209,9,5,10,11,8,9,13,0,5,10,18,13
Tprn,193,188,174,156,129,140,152,151,166,96,256,220
Tubb4b,6707,7631,6272,4893,6180,5295,6419,6427,7096,5054,10090,7286
Bcas1os2,0,0,0,0,0,0,0,0,0,0,0,0
Olfr1300-ps1,0,0,0,0,0,0,0,0,0,0,0,0
Top1,1933,1996,1773,1291,1695,1465,1695,2190,2449,1479,3201,1839
Gm13807,86,93,75,52,63,44,42,38,29,16,58,63
Ccdc141,1119,1595,999,782,732,776,771,1004,967,751,1278,1325
Dpm2,911,1113,949,794,853,723,789,896,978,604,1326,1059
Dpm1,865,1149,899,658,877,791,761,832,872,644,1317,992
Prrg4,5,19,8,5,6,11,4,10,9,3,14,18
Rpl12,8208,12335,10492,8446,8663,7725,9166,13305,17023,10326,20692,11076
Gm13752,0,0,0,0,0,0,0,0,0,0,0,0
Trp53bp1,1678,1837,1593,1301,1539,1237,1509,1442,1729,1147,2850,1728
Polr3f,573,782,564,429,515,493,467,544,609,423,804,624
Cir1,958,1006,928,697,747,736,674,712,784,578,1198,1055
Ell3,15,24,22,16,14,12,11,8,17,14,15,21
Polr3k,416,577,432,301,455,337,426,541,628,338,753,444
Galnt3,0,0,0,0,0,0,0,0,0,0,0,0
Mir5622,0,0,0,0,0,0,0,0,0,0,0,0
Olfr988,0,0,0,0,0,0,0,0,0,0,0,0
Lcn2,48,277,177,122,38,42,54,3940,2373,4944,16065,223
Cacnb4,139,187,151,109,164,136,132,148,136,124,271,157
Wdr34,378,413,365,310,293,251,315,359,399,234,488,420
Mir466d,0,0,0,0,0,0,0,0,0,0,0,0
4933409G03Rik,0,0,0,0,0,0,0,0,0,0,0,0
Kif3b,1090,1353,1112,883,1006,886,1089,1173,1314,955,1986,1245
Wdr38,0,7,0,0,0,0,0,0,0,0,0,0
4930500J02Rik,7,6,4,0,8,3,0,5,0,2,0,0
Casc5,4,0,0,3,4,0,7,126,290,120,169,4
Trub2,375,487,372,416,404,335,344,480,411,367,873,481
Mir129-2,0,0,0,0,0,0,0,0,0,0,0,0
Xkr7,0,0,0,0,0,0,2,0,2,0,4,0
Olfr74,0,0,0,0,0,0,0,0,0,0,0,0
Olfr73,0,0,0,0,0,0,0,0,0,0,0,0
A530013C23Rik,40,60,38,43,67,43,41,18,26,24,36,32
Ehf,4,11,9,7,3,7,6,8,7,5,6,4
Yme1l1,2541,2987,2523,1643,2404,2182,2342,2888,3238,2170,4129,2591
Arhgap21,7637,7937,6919,6037,6005,6190,7259,5764,5769,5033,10276,8615
Fam69b,169,304,264,224,217,170,213,133,184,86,173,286
2810002D19Rik,183,228,199,150,192,164,150,189,262,125,239,207
Hrh3,0,0,0,0,0,0,0,0,0,0,0,0
Gm13375,621,518,420,383,418,365,350,333,215,230,426,579
Harbi1,169,194,166,127,135,129,144,161,196,109,271,193
Kcnh7,0,0,0,0,0,0,0,0,0,0,0,0
Prdm12,0,0,0,0,0,0,0,0,0,0,0,0
Prdm11,58,83,49,48,40,32,47,62,64,45,91,45
Cpne1,2159,3675,3094,2344,1549,1494,2988,3889,2768,1756,5765,2169
Scn3a,6674,5636,5343,3783,4486,4238,5085,3263,2466,2399,4918,6434
Aqr,2043,2195,1857,1437,1614,1477,1700,2040,2324,1618,3516,2093
Cntrl,1007,1247,944,1014,909,750,903,906,1070,798,1793,1092
Rbm39,5486,6728,5230,4681,5551,4389,5122,4997,5562,4163,8781,5689
Rbm38,57,48,57,45,47,38,47,96,101,36,102,46
Lrrn4,2,43,9,0,5,6,0,19,109,12,60,20
Fgf7,3971,5278,4050,2839,3273,3122,3355,2632,2685,2161,3886,4546
Olfr338,0,0,0,0,0,0,0,0,0,0,0,0
Ptprt,118,112,91,55,73,63,38,61,88,42,142,75
Mir3110,0,0,0,0,0,0,0,0,0,0,0,0
Ptpra,4614,5318,4672,3314,3873,3540,4194,3989,4439,3202,6397,5163
Ptprj,312,350,345,346,261,314,348,502,674,425,1047,424
Pck1,0,0,0,0,0,0,0,0,0,0,0,0
Arl6ip6,328,385,246,235,256,278,255,360,424,259,529,351
Dab2ip,4350,4163,3051,2434,2625,3329,2956,3014,3040,2968,5106,3863
Pter,319,381,335,231,280,258,277,239,295,223,357,321
1700061F12Rik,0,0,0,0,0,0,0,0,0,0,0,0
Tbc1d20,1491,1427,1392,1052,1225,1146,1397,1454,1791,1091,2275,1530
Immp1l,322,460,365,246,369,353,365,389,446,306,522,394
3110099E03Rik,0,0,0,0,0,0,0,0,0,0,0,0
Anapc2,3760,3985,3667,3025,3369,2739,3451,3453,3816,2424,5405,3934
Ctcfl,0,0,0,0,0,0,0,0,0,0,0,0
Ier5l,807,752,793,660,677,659,710,695,771,385,1031,797
Nphp1,553,660,518,425,471,434,488,559,666,423,785,619
Fpgs,877,822,655,684,776,570,765,716,770,585,1422,715
Mir669g,0,0,0,0,0,0,0,0,0,0,0,0
Mir669i,0,0,0,0,0,0,0,0,0,0,0,0
Mir669j,0,0,0,0,0,0,0,0,0,0,0,0
Mir669k,0,0,0,0,0,0,0,0,0,0,0,0
1110008P14Rik,262,359,334,230,267,226,223,389,438,272,721,309
Olfr1129,0,0,0,0,0,0,0,0,0,0,0,0
Olfr1128,0,0,0,0,0,0,0,0,0,0,0,0
Olfr1121,0,0,0,0,0,0,0,0,0,0,0,0
Mir219b,0,0,0,0,0,0,0,0,0,0,0,0
Scg5,0,0,0,0,0,0,0,0,0,0,0,0
Olfr1122,0,0,0,0,0,0,0,0,0,0,0,0
Chp1,3950,4757,4107,3028,3544,3374,3799,3744,3827,2984,6263,4571
Olfr1124,0,0,0,0,0,0,0,0,0,0,0,0
Olfr1126,0,0,0,0,0,0,0,0,0,0,0,0
Gm6710,134,0,0,0,232,0,134,0,168,0,0,680
Ltk,0,0,0,0,0,0,0,0,0,0,0,0
Tubgcp4,926,1060,863,625,765,706,902,940,1342,677,1125,980
Prdx6b,560,650,488,344,467,395,402,555,525,528,1100,583
Zbtb6,310,363,279,193,275,199,224,286,354,236,453,322
Myef2,689,920,638,567,600,596,737,745,905,520,1091,706
Qsox2,817,888,759,618,647,650,676,727,733,556,1121,862
Olfr1008,0,0,0,0,0,0,0,0,0,0,0,0
Mapk8ip1,1232,1288,1215,905,1060,942,971,988,1160,776,1244,1306
5031426D15Rik,11,9,8,37,40,8,35,1,17,15,44,9
Slx4ip,26,65,60,47,42,44,37,70,79,40,97,82
Mir6364,0,0,0,0,0,0,0,0,0,0,0,0
Frmd5,32,92,71,45,22,31,43,70,138,81,120,58
Pak6,0,0,0,0,0,0,0,0,0,0,0,0
Pak7,0,0,0,0,0,0,0,0,0,0,0,0
Dgkz,1119,1141,1021,934,1079,846,979,1127,1346,822,1979,1066
Ift52,755,893,759,538,612,571,606,728,870,569,1159,870
6430503K07Rik,0,0,0,0,0,0,0,0,0,0,0,0
Fam83d,3,4,0,0,7,0,4,57,185,73,81,6
Prr5l,858,1135,977,714,486,617,472,1048,862,633,1867,1217
Olfr1019,0,0,0,0,0,0,0,0,0,0,0,0
Olfr1018,0,0,0,0,0,0,0,0,0,0,0,0
Olfr1015,0,0,0,0,0,0,0,0,0,0,0,0
Olfr1014,0,0,0,0,0,0,0,0,0,0,0,0
Olfr1016,0,0,0,0,0,0,0,0,0,0,0,0
C330006A16Rik,1765,1697,555,1151,1412,1148,1354,1387,1653,996,1989,1714
Olfr1010,0,0,0,0,0,0,0,0,0,0,0,0
Olfr1013,0,0,0,0,0,0,0,0,0,0,0,0
Olfr1012,0,0,0,0,0,0,0,0,0,0,0,0
Tti1,711,745,578,476,576,491,527,677,804,433,1040,716
Pla2r1,5849,6420,5180,3798,4746,3660,4774,3770,3605,3094,6293,5621
Olfr1006,0,0,0,0,0,0,0,0,0,0,0,0
Erv3,0,0,0,0,0,0,0,0,0,0,0,0
Ak1,1708,2149,1784,1291,1628,1217,1615,2311,2887,1786,3298,1974
Dnttip1,683,751,635,550,583,501,524,635,799,513,1094,707
D2Wsu81e,677,844,619,566,590,463,561,733,855,469,1043,787
E2f1,220,261,230,201,221,239,255,387,591,293,297,313
Prg3,0,0,0,0,0,0,0,0,0,0,0,0
Mir133c,0,0,0,0,0,0,0,0,0,0,0,0
Col20a1,375,471,361,435,333,305,308,176,154,188,383,459
Olfr1301,0,0,0,0,0,0,0,0,0,0,0,0
Olfr1303,0,0,0,0,0,0,0,0,0,0,0,0
Olfr1302,0,0,0,0,0,0,0,0,0,0,0,0
Olfr1305,0,0,0,0,0,0,0,0,0,0,0,0
LOC102634401,0,0,0,0,0,0,0,0,0,0,0,0
Olfr1307,0,0,0,0,0,0,0,0,0,0,0,0
Olfr1306,0,0,0,0,0,0,0,0,0,0,0,0
Olfr1309,0,0,0,0,0,0,0,0,0,0,0,0
Olfr1308,0,0,0,0,0,0,0,0,0,0,0,0
Adra2b,1,2,3,3,4,10,4,2,4,3,4,2
Gmeb2,688,902,703,628,568,565,702,659,692,527,1136,779
Eif2s2,1814,2282,1741,1307,1785,1633,1840,2544,2994,2070,4241,1938
B4galt5,1655,2416,2122,1678,1562,1427,1669,3505,5148,2371,6205,2210
Ehmt1,1510,1629,1426,1180,1255,1152,1291,1342,1633,1002,2259,1512
Tmc2,0,0,0,0,0,0,0,0,0,0,0,0
Jph2,2071,2620,1616,1399,1528,1486,1681,2246,2379,1442,3185,1889
Gm14085,0,0,0,0,0,0,0,0,0,0,0,0
Mmp9,4,22,20,17,4,3,4,263,590,115,134,4
Nnat,95,197,161,180,89,79,93,421,611,379,642,118
Ubox5,165,263,197,198,208,158,187,209,220,179,406,266
Zfp663,0,0,0,0,0,0,0,0,0,0,0,0
Zfp661,90,142,93,127,85,86,74,112,74,80,171,111
Tank,507,683,532,411,500,398,486,592,728,497,1145,595
Jmjd7,139,169,114,105,100,0,41,120,184,109,236,151
Olfr1274-ps,0,0,0,0,0,0,0,0,0,0,0,2
Dsn1,47,56,31,25,56,40,51,168,282,136,212,46
Aar2,663,823,668,512,595,492,520,677,790,492,1109,767
Secisbp2l,2716,3046,2529,1913,2079,2253,2481,2188,2292,1781,3795,2962
Mir3474,1,1,1,1,1,1,1,1,1,1,3,1
Nckap1,4708,5274,4466,3422,4205,3893,4851,5147,5978,4132,8155,5322
Agps,1274,1328,1212,773,995,994,1148,1300,1654,1064,2003,1208
Olfr998,0,0,0,0,0,0,0,0,0,0,0,0
Olfr996,0,0,0,0,0,0,0,0,0,0,0,0
Serinc4,36,43,31,35,36,29,34,28,20,21,54,36
Olfr994,0,0,0,0,0,0,0,0,0,0,0,0
Olfr995,0,0,0,0,0,0,0,0,0,0,0,0
Olfr992,0,0,0,0,0,0,0,0,0,0,0,0
Rab22a,1233,1282,1190,830,873,938,1116,1078,1181,848,1700,1324
Serinc3,21378,24166,20931,14000,17714,16858,17354,20177,17494,15540,30951,22871
Dok5,14,38,29,28,20,15,12,96,153,77,141,22
Dnmt3b,169,151,154,158,187,129,157,131,142,106,209,129
4930441J16Rik,0,0,0,0,0,0,0,0,0,0,0,0
Mir670,0,0,0,0,0,0,0,0,0,0,0,0
Mir674,1,1,0,0,0,1,0,0,0,0,1,0
Rims4,0,0,4,0,0,0,0,0,0,0,0,0
1700020I14Rik,651,680,637,464,485,518,540,615,795,495,994,726
Mga,2795,3367,2853,2498,2423,2517,2908,2383,2524,2140,4412,3460
6820408C15Rik,0,0,0,0,0,0,0,0,3,0,3,0
Agbl2,81,111,98,95,74,62,104,109,108,76,165,88
Kcng1,116,83,84,67,49,69,79,73,45,91,116,62
Snap23,1239,1550,1256,849,1185,1068,1248,1605,1701,1181,2548,1366
Mir1a-1,0,0,0,0,0,0,0,0,0,0,0,0
Srp14,1679,2123,1595,1276,1559,1290,1445,1714,1747,1180,2434,1791
Gm13582,4,0,5,4,4,2,3,3,4,2,2,5
Gm13580,0,0,0,0,0,0,0,0,0,0,0,0
Stard7,1725,1922,1647,1405,1546,1419,1661,1427,1661,1165,2299,1975
Mir3473g,0,2,0,1,0,0,0,0,1,0,2,0
Upp2,14,4,0,0,2,7,0,0,0,5,12,0
Arl14ep,699,745,647,485,668,504,591,609,732,528,850,697
Mrgbp,276,241,234,214,235,162,203,259,282,192,484,264
Pax6os1,0,0,0,0,0,0,0,0,0,0,0,0
Shf,178,181,186,141,148,127,150,165,223,110,266,194
Cdk5rap1,213,305,285,204,218,154,206,220,224,158,351,276
Pbx3,230,260,249,209,216,206,207,390,633,301,636,298
Ptgs1,1311,2106,1405,1155,1195,898,1051,1712,2159,1174,2249,1616
Adnp,2634,3012,2550,2069,2585,1926,2630,2734,3024,2329,4587,2742
1700003F12Rik,0,2,0,5,3,3,0,0,2,6,0,3
Mir467d,0,0,0,0,0,0,0,0,0,0,0,0
Lpcat4,81,94,114,82,89,47,65,173,246,147,229,85
Lkaaear1,0,0,0,0,0,0,0,0,0,0,0,0
Actl10,2,4,2,8,4,2,3,6,3,2,2,6
4930573O16Rik,0,0,0,0,0,0,0,0,0,0,0,0
Gca,14,5,9,5,14,14,14,14,10,8,30,19
Gabpb1,414,530,458,350,421,309,395,511,588,411,850,431
Gcg,0,0,0,0,0,0,0,0,0,0,0,0
Wisp2,6419,7421,6675,4919,4684,4723,5192,9775,5991,8921,20246,7054
Crb2,0,15,5,5,2,2,2,5,29,2,10,9
Rnf24,873,952,813,613,857,668,893,753,880,622,1165,928
Hsd17b12,1480,1889,1420,891,1268,1091,1277,1822,1960,1461,2752,1614
Olfr3,0,0,0,0,0,0,0,0,0,0,0,0
Stmn3,2,5,2,7,7,0,8,0,0,0,7,10
Ssfa2,1783,2069,1866,1404,1597,1601,1754,1642,1813,1225,2530,2043
Eif2ak4,744,920,673,629,630,569,659,657,814,568,1373,781
Fkbp1a,5391,6189,5124,3768,4975,3906,5090,5808,6931,4355,8671,5750
Erich2,0,0,3,2,8,0,0,19,20,6,17,0
Il2ra,0,6,3,5,4,3,3,3,2,0,7,7
Gapvd1,1965,2147,1973,1606,1693,1599,1838,1975,2095,1315,3293,2181
Olfr1168,0,0,0,0,0,0,0,0,0,0,0,0
Cnbd2,61,110,86,73,49,56,55,53,48,43,108,102
Ptges,4209,5511,4136,3121,3472,2796,2919,5797,6633,4331,9952,4572
Slc35c2,928,1047,882,774,808,648,772,907,1033,653,1352,936
Mafb,1819,1547,1510,1022,1119,1218,1238,794,712,366,973,1592
Slc35c1,494,534,512,386,427,346,406,548,678,419,876,532
Dbh,6,0,5,0,0,0,0,4,0,5,7,0
Grem1,0,36,76,27,2,2,0,820,1852,370,438,22
Mir181a-2,0,1,0,0,0,0,1,0,0,0,1,0
Ss18l1,211,233,175,182,232,171,228,229,249,178,400,203
Mir7578,1,1,1,1,1,1,1,1,1,1,1,1
Nup214,1589,1653,1352,1184,1373,1148,1353,1450,1661,1134,2618,1812
Pip4k2a,422,583,552,472,495,510,530,427,535,321,714,570
Atp5c1,2537,3344,2928,1996,2515,2142,2483,3204,3662,2406,4786,2920
Olfr1158,0,0,0,0,0,0,0,0,0,0,0,0
Ntng2,644,682,596,593,517,432,429,393,396,234,610,727
Olfr1154,0,0,0,0,0,0,0,0,0,0,0,0
Olfr1155,0,0,0,0,0,0,0,0,0,0,0,0
Olfr1156,0,0,0,0,0,0,0,0,0,0,0,0
Olfr1157,0,0,0,0,0,0,0,0,0,0,0,0
Olfr1151,0,0,0,0,1,0,0,0,0,0,0,0
Olfr1152,0,0,0,0,0,0,0,0,0,0,0,0
Olfr1153,0,0,0,0,0,0,0,0,0,0,0,0
Slc23a2,2563,2908,2767,2058,2156,2024,2340,2244,2331,1919,4158,3138
Trdmt1,243,347,253,148,249,189,232,233,200,227,404,270
Mir6999,1,1,1,0,2,1,1,2,1,0,2,1
4930517E11Rik,0,0,0,0,0,0,0,0,0,0,0,0
BC052040,157,170,117,87,140,99,118,139,210,146,218,127
Snord17,1,4,6,1,2,2,3,3,3,1,5,1
Snord12,20,27,14,20,21,14,13,15,9,12,38,14
Ccbl1,229,268,179,258,186,152,156,161,171,119,247,247
Pdia3,22812,31110,25008,15811,20460,17198,22057,27402,34606,19369,39335,27165
1500011K16Rik,256,301,221,218,233,194,212,196,216,172,289,227
Dusp19,154,226,174,130,157,130,161,188,218,170,246,149
Dusp15,0,0,0,3,4,0,0,0,0,0,2,2
Rpl7a,10766,14365,12440,9679,10894,9334,11075,14922,18359,11397,22891,13027
Bmi1,763,992,718,531,698,638,656,817,923,732,1240,797
Gm14295,178,290,175,142,192,133,201,241,236,223,423,209
Pax6,0,2,0,0,3,0,2,0,0,2,0,0
Pax1,63,115,96,106,87,77,64,41,56,33,78,112
1700001O22Rik,0,0,0,0,0,0,0,0,0,0,5,0
Pax8,0,0,0,0,0,0,0,0,0,0,0,0
Pfkfb3,3805,7724,5499,4464,5701,4412,6190,4707,3759,5306,4028,6635
1700101E01Rik,0,6,0,0,0,0,0,0,4,0,4,0
Bahd1,814,832,783,736,727,678,731,832,965,545,1360,897
Nr1h3,3045,3142,2762,2218,2442,2058,2181,2656,2301,1592,4089,3033
Slc20a1,817,1089,830,817,769,674,951,1356,1521,1108,2416,808
Tcea2,160,222,197,188,132,131,137,138,138,105,268,207
BC051628,0,4,0,0,2,0,0,0,0,0,0,2
Tm9sf4,3277,3704,3343,2447,2835,2528,3003,3436,3775,2515,5575,3819
Capn3,79,58,60,57,56,47,44,26,11,26,56,52
1700060C20Rik,0,0,0,0,0,0,0,0,0,0,0,0
Blcap,1068,1176,1038,771,964,756,910,1082,1272,841,1869,1085
Pced1a,1013,1120,929,777,814,624,675,856,872,625,1341,954
Rrbp1,12177,13155,11701,10978,11413,9668,13128,15788,16187,12711,30642,12557
Eif3j2,1211,1388,897,747,1223,1150,1014,1444,1709,1037,1834,1324
Eif3j1,81,170,293,193,189,66,319,28,1,99,470,1
Dhx35,516,662,538,397,405,349,428,472,504,353,813,586
Ccdc3,125,87,120,81,161,174,295,89,126,95,213,127
Plxdc2,43674,42194,39358,26143,31910,30147,32238,23808,21693,19072,34730,44039
Slpi,1,68,23,28,0,7,1,51,86,33,142,20
Tas2r134,0,0,0,0,0,0,0,0,0,0,0,0
Mrc1,20,38,16,14,16,11,9,16,18,28,31,12
Chac1,5,5,5,0,3,0,0,8,28,10,28,7
Svs3b,0,0,0,0,0,0,0,0,0,0,0,0
4921508D12Rik,0,0,0,0,0,0,0,0,0,0,0,0
Olfr1208,0,0,0,0,0,0,0,0,0,0,0,0
Olfr1209,0,0,0,0,0,0,0,0,0,0,0,0
Ghrh,0,0,0,0,0,0,0,9,0,0,5,0
Nkx2-2os,0,0,0,0,0,0,0,0,0,0,0,0
Olfr1200,0,0,0,0,0,0,0,0,0,0,0,0
Olfr1201,0,0,0,0,0,0,0,0,0,0,0,0
Olfr1202,0,0,0,0,0,0,0,0,0,0,0,0
Olfr1204,0,0,0,0,0,0,0,0,0,0,0,0
Olfr1205,0,0,0,0,0,0,0,0,0,0,0,0
Olfr1206,0,0,0,0,0,0,0,0,0,0,0,0
Gm14124,0,0,0,0,0,0,0,4,0,0,0,0
Neurl2,120,169,128,131,133,74,87,103,139,112,217,128
Mir129b,0,0,0,0,0,0,0,0,0,0,0,0
Arfgef2,1557,1816,1614,1312,1246,1299,1481,1438,1635,1223,2652,1805
4932418E24Rik,5,3,2,5,5,5,12,0,5,10,5,2
Slc52a3,27,28,31,35,36,13,40,34,31,39,44,38
Elf5,0,9,3,0,0,4,5,0,0,0,0,3
1700029I15Rik,8,20,10,19,5,15,11,16,0,6,20,22
Mir199b,1,0,1,0,2,0,2,0,0,0,0,1
Gid8,1506,1774,1491,1215,1363,1080,1457,1548,1757,1227,2459,1610
Mapkap1,1580,1973,1648,1201,1438,1280,1437,1642,1893,1187,2568,1900
Gatm,11,64,24,2,30,3,6,19,68,21,32,24
Polr1b,525,568,514,432,479,404,493,569,654,435,1005,559
Tgif2,364,366,309,265,313,223,313,489,619,338,765,324
Rmdn3,739,749,719,544,588,558,558,706,830,583,1200,813
Golga1,721,889,677,644,639,501,572,774,810,549,1369,768
Pcsk2,0,2,3,4,4,5,2,0,2,0,0,15
Trp53tg5,3,0,0,0,0,0,0,0,5,3,2,4
Creb3l1,5405,4479,3877,2889,4539,3231,4533,5726,6244,3348,10441,4374
Sptlc3,0,0,0,0,0,0,0,0,0,0,0,0
Adig,0,0,0,0,0,0,0,0,0,0,0,0
Snx21,831,839,717,799,709,716,707,594,584,378,921,927
Bub1,0,0,0,0,2,2,0,192,439,174,270,4
Serf2,6188,7497,6579,4953,5730,5016,5977,6854,8687,4780,9888,7070
Olfr50,0,0,0,0,0,0,0,0,0,0,0,0
Snhg7,37,37,44,32,34,27,27,39,56,44,119,55
Psma7,1486,1977,1629,1331,1449,1241,1546,2071,2633,1836,3783,1837
Gdap1l1,3,0,5,0,4,3,2,0,0,3,3,0
Spata25,0,0,0,0,0,3,0,4,2,0,2,0
Cdc25b,447,422,350,480,348,324,505,491,841,661,942,352
Olfr1112,0,0,0,0,0,0,0,0,0,0,0,0
Pdk1,430,520,362,255,393,340,329,274,319,210,391,491
Zgpat,1240,1247,1107,1012,920,807,925,901,1039,559,1570,1275
Fam227b,0,0,0,0,0,0,0,0,0,0,0,0
Nmi,451,628,481,370,391,383,449,597,735,569,1249,529
Chgb,3,3,4,6,2,3,0,0,4,0,6,6
Kcnj3,0,0,0,0,0,0,0,0,0,0,0,0
C1ql3,51,40,11,11,63,12,5,2,10,4,8,17
Zbp1,362,556,344,314,296,188,297,3332,4482,3048,7451,446
Zdhhc12,141,185,153,109,122,99,85,224,244,175,358,169
Meis2,1145,1310,1106,851,1008,910,1062,954,1043,740,1430,1337
Fam110a,1243,980,919,719,967,697,735,790,710,369,926,1074
A530006G24Rik,0,0,0,0,0,0,0,0,0,0,0,0
Ptgds,0,0,0,0,0,0,0,0,0,0,0,0
Grin1,11,2,0,5,4,3,9,2,3,2,0,0
4930533B01Rik,0,0,0,0,0,0,0,0,0,0,0,0
Gm13483,3,2,0,0,8,0,8,4,0,0,5,0
Rbm12,923,1003,860,664,804,699,897,884,1012,726,1441,823
Golga2,4364,4670,3844,3357,3680,2944,3537,3697,3878,2697,6458,4403
Rbm17,1246,1373,1209,927,1063,866,1109,1287,1580,917,2277,1378
Ubr3,2493,2746,2422,1790,2102,2097,2326,2148,2305,1995,3482,2699
Nfe2l2,3844,4372,3936,3021,3369,3198,3395,3785,4171,3163,5762,4311
Rbm18,1011,1269,1088,828,997,865,966,973,1017,781,1389,1243
Tcp11l1,166,185,167,136,133,127,166,145,168,95,285,200
Stxbp1,1330,1400,1197,1068,1245,1038,1323,1364,1542,1038,2318,1340
Ppp1r3d,265,255,182,161,172,151,155,187,243,101,329,280
Snapc4,910,1082,799,957,742,609,793,645,659,510,1465,893
Ankrd16,459,583,430,439,416,334,426,377,404,360,839,457
Spef1,392,442,350,349,401,331,328,271,316,168,422,407
Fam210b,4258,3766,3231,2085,2495,2523,2720,2741,2197,1391,3743,3695
Col9a3,46,39,59,57,34,37,47,36,45,48,133,46
Celf1,2227,1881,1569,1392,2128,1752,1910,1647,2149,1219,2921,1786
Ccdc148,5,4,0,0,4,3,5,3,5,0,0,6
Tnks1bp1,7300,7504,6959,6129,5912,5712,6392,8489,9163,6555,15535,7477
8430437L04Rik,0,0,0,0,0,0,0,0,0,0,0,0
Slc25a25,4668,6080,4170,2995,4467,4141,4190,4074,2967,2726,6549,4230
Ywhab,8121,9471,7799,5488,6680,6204,7280,9286,9626,7184,14588,8756
Med19,498,579,463,321,396,292,390,549,584,374,822,475
Gm10857,3,12,4,7,5,3,6,11,29,10,28,8
Xirp2,0,0,0,0,0,0,0,0,0,0,0,0
Eya2,22,129,101,135,101,75,88,78,102,49,85,196
Arpc5l,622,811,627,562,726,543,639,713,824,545,1106,679
Mrpl41,301,313,286,240,259,204,270,318,365,228,554,267
Nebl,5433,4294,3933,2347,2687,3541,3415,3335,2770,2542,4704,4407
Mamdc4,217,234,168,177,175,116,183,112,133,88,319,184
Ckmt1,5,5,0,0,5,0,0,0,0,0,0,4
Soga1,12499,10995,9991,8353,9108,8676,10703,7243,6746,5213,12442,12466
Kif18a,36,75,43,29,30,27,33,68,111,54,102,47
Alx4,23,40,21,24,28,27,8,34,39,16,51,37
Nr5a1,0,0,0,0,0,0,0,0,0,0,0,0
Ralgapa2,386,402,347,297,341,286,357,317,322,251,625,478
Ovol2,0,0,0,0,0,0,0,0,0,0,0,0
Rcn1,10368,10361,8753,6608,9616,7672,9822,8110,9993,7006,12216,9914
Olfr1148,0,0,0,0,0,0,0,0,0,0,0,0
Npepl1,2092,2159,1744,1713,1789,1440,1685,1586,1756,1226,2853,1904
Olfr1143,0,0,0,0,0,0,0,0,0,0,0,0
Olfr1141,0,0,0,0,0,0,0,0,0,0,0,0
Olfr1140,0,0,0,0,0,0,0,0,0,0,0,0
Prrx2,379,478,384,430,438,374,568,560,789,441,910,521
Syndig1,9,0,5,15,9,11,0,3,13,5,7,12
Dtwd1,172,238,153,158,156,127,134,207,244,150,314,196
Tmem127,4128,4267,4137,2932,3595,3172,3715,3850,4270,2813,5962,4490
Tlk1,1354,1392,1306,903,1246,1063,1275,1065,1349,998,1886,1392
A930019D19Rik,0,0,0,0,0,0,0,0,0,0,0,0
Tmem74b,10,15,13,15,16,16,10,7,3,10,11,19
3300002I08Rik,19,21,26,14,6,19,8,24,38,20,39,31
Mir6340,0,0,0,0,0,0,0,0,0,0,0,0
Gm14288,45,6,5,6,5,6,19,5,4,28,99,7
Celf2,4507,5355,4435,3844,3936,3908,4296,4280,4960,3512,7260,5443
E030013I19Rik,380,462,314,176,304,293,273,177,150,135,199,376
Ube2e3,1898,1958,1593,1180,1672,1470,1668,1876,1851,1339,2593,1870
Galnt5,5,14,8,5,4,7,12,5,15,8,6,14
Ppig,1578,1854,1509,1106,1235,1126,1396,1383,1694,1114,2373,1544
Trp53inp2,4647,4799,4129,2774,3891,3031,3779,3627,4179,2672,5238,4216
Ptprtos,0,0,0,0,0,0,0,0,0,0,0,0
Nr6a1,85,105,85,82,83,65,114,78,77,68,195,104
Sla2,25,0,0,0,24,16,0,0,29,28,2,0
2500004C02Rik,67,91,52,38,62,51,60,50,63,56,93,61
1700037H04Rik,236,272,223,216,240,195,256,276,386,243,463,256
Olfm1,1685,1772,1636,1259,1410,1227,1629,1244,1243,866,1736,1882
Tsc1,1648,1756,1473,1278,1333,1121,1302,1149,1265,974,2107,1759
Zfp937,379,451,300,218,349,255,295,338,380,269,473,387
B3galt1,110,258,170,124,135,127,122,195,241,135,208,225
Zfp931,335,328,67,198,217,215,54,44,129,48,330,64
4921531C22Rik,83,120,84,55,96,57,77,55,74,46,75,94
Nop10,726,956,825,643,681,608,681,718,756,482,983,834
Il1a,4,5,3,0,0,5,3,4,0,0,4,3
Il1b,25,42,26,36,20,35,17,95,21,38,172,39
Snord110,1,1,0,1,0,0,1,1,0,0,2,2
Olfr987,0,0,0,0,0,0,0,0,0,0,0,0
Gm13944,0,0,0,0,0,0,0,0,0,0,0,0
Chd6,2717,3233,2511,2194,2084,1927,2508,2186,2157,1883,3853,2927
Mpped2,26,18,28,22,23,16,17,8,9,10,9,29
Spopl,308,359,308,195,215,227,294,266,351,256,495,300
9430008C03Rik,253,301,241,249,221,159,191,223,265,197,540,250
Cacfd1,980,1150,1055,792,907,790,953,872,1049,590,1608,1099
Cacnb2,1283,1395,1129,806,912,702,834,874,852,804,1537,1223
Gpcpd1,543,738,563,441,491,431,557,612,637,670,1034,583
1700025C18Rik,0,0,0,0,0,0,0,0,0,0,0,0
Olfr1219,0,0,0,0,0,0,0,0,0,0,0,0
Olfr1218,0,0,0,0,0,0,0,0,0,0,0,0
Dph6,433,516,388,284,390,290,412,499,437,371,670,412
Dph7,340,438,359,265,285,243,305,285,318,220,405,396
Olfr1213,0,0,0,0,0,0,0,0,0,0,0,0
Olfr1212,0,0,0,0,0,0,0,0,0,0,0,0
Olfr1211,0,0,0,0,0,0,0,0,0,0,0,0
Olfr1217,0,0,0,0,0,0,0,0,0,0,0,0
Olfr1216,0,0,0,0,0,0,0,0,0,0,0,0
Olfr1215,0,0,0,0,0,0,0,0,0,0,0,0
Olfr1214,0,0,0,0,0,0,0,0,0,0,0,0
Gm14137,47,52,40,56,48,24,33,26,35,19,68,27
Helz2,3213,4229,3369,3126,2947,2690,3356,5221,5821,4050,11775,3527
A930018P22Rik,0,3,0,0,0,3,0,0,0,0,0,3
Gm14139,0,0,0,0,0,0,0,0,0,0,0,0
Mertk,1709,1551,1324,1013,1078,1150,1109,884,676,840,1471,1447
Olfr1020,0,0,0,0,0,0,0,0,0,0,0,0
Edn3,477,492,350,231,406,395,386,157,104,96,141,409
Pacsin3,699,665,594,498,578,529,582,567,566,331,883,623
Dnajc5,3168,3340,2958,2399,2622,2410,2733,2999,3243,2379,5146,3107
Zfp804a,0,2,0,0,0,0,0,0,0,0,0,0
Kcnk15,0,0,0,0,0,0,0,0,0,0,2,0
Dnajc1,2676,2939,2676,1780,2191,1965,2360,2356,2487,1842,4086,2945
Mir3960,14,10,5,11,5,3,13,5,2,3,11,17
Cerkl,2,10,20,8,5,4,7,6,7,5,5,23
9230102O04Rik,0,0,0,0,0,0,0,0,0,0,0,0
Neb,44,35,41,59,46,22,112,42,34,35,154,53
Olfr1029,0,1,0,1,1,0,0,0,0,0,0,0
Olfr48,0,0,0,0,0,0,0,0,0,0,0,0
Psmb7,1519,2059,1654,1207,1364,1301,1515,2062,2516,1698,3335,1775
Lhx2,0,0,0,0,0,0,0,0,2,0,0,0
Lhx3,0,0,0,0,0,0,0,0,0,0,0,4
Lhx6,0,0,3,0,3,0,0,6,6,0,9,0
Cd59a,1274,1437,1113,721,1216,866,1155,832,944,812,1531,1159
Cd59b,44,104,57,36,44,66,87,43,75,61,108,51
Edem2,860,1034,889,832,759,700,680,937,1088,690,1805,1040
Pcif1,1733,2107,1637,1526,1441,1264,1358,1364,1398,1090,2203,1968
Trib3,72,76,94,104,72,57,65,68,65,63,171,114
Slmo2,592,678,600,448,559,438,594,805,959,582,1303,600
Gm13769,0,0,0,0,0,0,0,0,0,0,0,0
Kynu,0,0,0,0,0,0,0,0,0,0,0,0
Ntmt1,478,571,430,402,403,400,423,583,616,357,865,570
Mrps26,684,722,667,569,579,497,566,648,696,440,977,729
Il1f6,0,0,0,0,0,0,0,0,0,0,0,0
Dtd1,542,696,552,378,515,432,491,438,460,328,702,642
Stk4,1084,1120,1006,827,942,818,889,1024,1243,833,1754,1164
Gm13546,0,0,0,0,0,0,0,0,0,0,0,0
Snora65,39,32,46,39,49,26,39,33,63,31,93,29
Sema6d,500,649,641,549,545,625,599,446,557,372,616,682
Nat10,897,1070,859,823,803,641,799,829,1088,739,1658,977
1700019E08Rik,0,0,0,0,0,0,0,0,0,0,0,0
Hnf4aos,0,0,0,0,0,0,0,0,0,0,0,0
Gm13490,0,0,0,0,0,0,0,0,0,0,0,0
Wfdc8,3,3,5,3,0,6,0,0,0,2,7,5
Gm13497,0,0,0,0,0,0,0,0,0,0,0,0
Gm13498,1070,1443,1390,838,1050,804,1037,1447,1888,878,2265,1263
Wfdc3,0,0,0,0,0,0,0,0,0,0,0,0
Wfdc2,18,94,38,12,27,87,44,26,58,13,63,50
Wfdc5,0,0,0,0,0,0,0,0,0,0,0,0
1700026L06Rik,0,2,0,0,0,0,0,0,0,0,0,0
Dlx1as,0,0,0,0,0,0,0,0,0,0,0,0
4933416E03Rik,0,0,0,0,0,0,0,0,0,0,0,0
Ndufa8,881,1060,863,724,814,722,814,1065,1240,855,1637,1049
Ppp4r1l-ps,278,334,272,318,252,203,298,207,193,217,443,289
Rae1,962,1081,896,737,829,737,815,877,965,658,1484,1032
Ada,80,97,76,77,53,57,63,190,240,199,350,107
Ankrd63,6,6,2,3,3,8,2,4,2,2,2,8
Ankrd60,0,0,0,0,0,0,0,0,0,0,0,0
Gm4724,0,1,0,0,0,0,0,0,1,0,2,0
Zfp334,586,641,562,454,462,363,463,446,636,326,811,592
Ccdc73,39,44,48,29,29,34,34,22,31,22,53,48
Ssna1,531,644,549,480,530,390,544,585,760,430,883,622
Slc32a1,0,0,0,0,0,0,0,0,0,0,0,0
Rabepk,309,386,362,256,321,263,282,364,492,279,608,417
Ntsr1,0,0,0,0,0,0,0,0,0,0,0,0
Adam33,259,431,309,615,465,336,419,169,236,171,358,479
Tspan18,893,1217,1046,1016,959,1028,1039,691,725,550,1003,1252
Nfatc2,99,87,55,75,84,84,81,67,50,47,98,86
Chmp4b,4454,4964,4129,3303,3886,3398,4166,4577,5184,3848,7791,4745
Tfpi,2658,3321,2334,1257,2287,1913,2302,2201,2629,1333,3597,2764
Tbc1d13,1437,1578,1407,1155,1410,1188,1333,1581,1711,1070,2365,1580
1700020A23Rik,2,2,0,8,6,0,0,0,0,0,8,10
Fam102a,1411,1540,1415,1112,1342,1143,1326,1429,1652,1262,2372,1495
Nusap1,48,53,47,31,50,35,53,146,359,186,236,56
Barhl1,0,0,0,2,0,0,0,5,0,0,3,0
Avp,0,0,0,0,0,0,0,0,0,0,0,0
Gpr107,2311,2547,2299,1681,2035,1791,2071,2283,2720,1781,3706,2595
Thbd,32539,28168,26954,21197,26153,26317,25377,16749,13207,9917,21696,34287
Odf2,1384,1668,1337,1292,1270,1167,1405,1405,1559,1126,2622,1530
Olfr1170,0,0,0,0,0,0,0,0,0,0,0,0
Srsf6,4761,5454,4179,4256,4441,3387,4332,4292,4804,3242,7447,4510
Olfr1176,0,0,0,0,0,0,0,0,0,0,0,0
Rps21,6300,8766,7467,5998,6284,5805,6251,7026,8164,5025,9940,7553
Olfr1178,0,0,0,0,0,0,0,0,0,0,0,0
Olfr1179,0,0,0,0,0,0,0,0,0,0,0,0
Dhtkd1,191,277,167,171,157,155,118,114,89,121,189,204
Gm10714,0,0,0,0,0,0,0,0,0,0,0,0
Rapsn,20,47,29,33,16,23,13,32,43,27,60,41
Mocs3,157,119,104,117,119,103,106,107,141,85,227,152
Ndufs3,1226,1704,1380,1014,1096,885,1110,1385,1529,1023,2153,1476
Ndufaf1,298,381,270,200,273,186,226,257,331,214,412,294
Olfr1145,0,0,0,0,0,0,0,0,0,0,0,0
Fmnl2,1324,1589,1429,1141,1322,1386,1508,1209,1430,1211,1915,1619
Trp53i11,301,376,319,254,222,191,200,428,538,287,750,342
Olfr1273-ps,0,0,0,0,0,0,0,0,0,0,0,0
Sh3glb2,1117,1262,1042,944,1022,813,968,909,1035,607,1298,1132
Prkcq,0,3,12,9,0,2,0,9,3,0,29,5
Crnkl1,832,887,803,569,674,649,747,847,945,630,1271,916
4930402F06Rik,0,0,0,0,0,0,0,0,0,0,0,0
Fnbp1,2401,2811,2713,2277,1930,1979,2375,1832,2140,1434,3253,3084
Fnbp4,1594,1872,1526,1551,1379,1162,1471,1421,1547,1196,3100,1657
Ppapdc3,330,315,269,250,287,224,263,235,239,183,387,302
Lsm14b,1087,1047,975,803,866,824,978,978,1262,779,1676,1077
Chrm5,1,3,4,7,1,0,4,0,0,1,2,2
Chrm4,0,9,9,10,3,5,8,7,4,2,8,7
Lrrc26,0,2,0,0,2,2,0,8,0,0,0,0
Arfgap2,2483,2841,2339,2012,2055,1940,2238,2212,2399,1635,3769,2737
Arfgap1,2368,2495,1882,1775,1896,1567,1987,2319,2793,1707,4172,2194
Mvb12b,1512,1499,1343,981,1282,1050,1365,1239,1337,957,1923,1596
Rbbp9,1381,1720,1453,945,1181,1087,1153,1140,1151,875,1616,1522
Gm14436,0,0,0,0,0,0,0,0,0,0,0,0
Gm14434,0,300,0,0,682,0,0,0,400,0,1055,0
Gm14431,376,629,356,244,822,556,0,0,427,0,75,340
Gm14430,0,1,0,0,0,0,0,0,1,0,2,0
1700021F07Rik,0,0,0,0,0,0,0,0,0,0,0,0
Olfr1198,0,0,0,0,0,0,0,0,0,0,0,0
Olfr1199,0,0,0,0,0,0,0,0,0,0,0,0
Snta1,1252,1373,1071,897,1031,951,1146,1130,1199,1119,2006,1146
Hnrnpa3,6980,11084,8096,5418,6762,6645,8301,11297,12880,9952,20326,7209
Nrsn2,0,0,0,0,0,0,0,0,0,0,0,0
Olfr1193,0,0,0,0,0,0,0,0,0,0,0,0
Cstad,45,67,18,23,32,18,27,33,35,26,44,36
Olfr1195,0,0,0,0,0,0,0,0,0,0,0,0
Olfr1196,0,0,0,0,0,0,0,0,0,0,0,0
Rin2,6903,6561,6298,4405,4380,5298,4748,4030,4648,2847,5955,7292
F830045P16Rik,0,0,0,0,0,0,0,0,0,0,0,0
Fam73b,1932,1853,1646,1328,1425,1423,1369,1201,1213,702,1978,1847
Suv39h2,58,89,59,54,67,51,66,88,125,63,139,60
Aurka,114,130,116,76,80,59,103,272,496,309,403,111
Snx5,1329,2058,1673,1364,1590,1309,1522,1721,2154,1265,2596,2148
4933406D12Rik,0,0,0,0,0,0,0,0,0,0,0,0
Gm8898,749,901,763,371,918,1074,0,0,1086,0,1540,921
Dzank1,203,286,236,156,173,165,169,132,113,66,167,294
Romo1,771,1003,786,684,745,652,745,860,889,599,1203,836
Olfr1228,0,0,0,0,0,0,0,0,0,0,0,0
Olfr1229,0,0,0,0,0,0,0,0,0,0,0,0
Olfr1226,0,0,0,0,0,0,0,0,0,0,0,0
Olfr1225,0,0,0,0,0,0,0,0,0,0,0,0
Olfr1222,0,0,0,0,0,0,0,0,0,0,0,0
Olfr1223,0,0,0,0,0,0,0,0,0,0,0,0
Olfr1220,0,0,0,0,0,0,0,0,0,0,0,0
Dapl1,0,0,0,0,0,0,0,0,0,0,0,0
Stk35,839,1040,894,803,854,749,839,1050,1212,998,1756,1036
Ddb2,309,421,311,334,279,237,269,262,223,190,431,352
Stk39,347,514,431,342,385,342,409,406,518,406,657,451
Ccdc183,0,3,0,3,0,0,0,0,3,0,8,3
Tyro3,460,453,478,387,512,403,554,580,752,409,840,462
Zfp385b,40,34,47,21,46,33,52,29,30,31,65,38
Ptrh1,91,120,113,80,109,84,107,173,241,141,300,113
Mkks,545,633,510,411,502,488,525,493,646,352,718,650
Gad1,0,0,2,0,0,0,0,0,2,0,0,0
Gad2,3,5,11,4,3,3,0,44,70,8,20,8
Rbbp8nl,0,0,0,0,0,0,0,0,0,0,0,0
Bcl2l1,1898,1917,1578,1283,1693,1372,1594,1455,1540,1149,2298,1846
Ptpla,102,125,76,111,133,80,160,191,189,159,315,91
Spc25,14,22,11,16,24,10,19,149,338,126,162,12
Wdr76,104,162,116,65,100,84,104,172,213,137,254,139
Fam65c,255,289,224,246,284,201,258,188,223,150,351,251
Gm13629,0,0,0,0,0,0,0,0,0,0,0,0
Prrc2b,16207,16911,14588,12092,13377,12193,13801,13194,14610,10513,24671,17834
Cdh22,362,404,396,283,326,229,405,230,292,126,212,369
Camsap1,1353,1431,1333,1070,1309,1115,1382,1231,1459,942,2113,1425
Cdh26,0,0,0,0,0,0,0,0,0,0,0,0
Olfr32,0,0,0,0,0,0,0,0,0,0,0,0
Psmc3,2821,3453,2912,2298,2500,2253,2600,3706,4476,2907,6377,3043
Dolk,588,670,609,467,527,415,527,581,691,414,911,668
Ldlrad3,1055,1140,974,640,827,743,843,881,1065,722,1205,1090
4931423N10Rik,0,0,0,0,0,0,0,0,0,0,0,0
Gm13710,0,0,0,0,0,0,0,3,3,0,2,0
Zcchc3,250,245,213,183,191,142,190,224,266,172,420,234
Nkain4,322,313,215,179,363,318,365,203,242,193,357,299
Epb4.2,0,0,0,0,0,0,0,0,0,0,0,0
Gm13539,0,0,0,0,0,0,0,0,0,0,0,0
Prpf40a,1460,1615,1374,960,1010,1114,1296,1517,1782,1310,2577,1469
Gchfr,3,0,0,0,3,0,0,0,0,0,4,0
5430405H02Rik,91,107,88,77,59,53,82,73,52,54,118,88
Mir195b,0,0,0,0,0,0,0,0,0,0,0,0
Plcg1,2430,2565,2276,1884,1879,1805,2127,1914,2089,1529,3265,2596
Dido1,1918,2517,1976,1590,1583,1485,1729,2048,2223,1565,3566,2236
Phyh,1005,1355,1174,812,963,778,1004,1019,1059,849,1790,1257
Gins1,41,75,49,26,37,36,34,103,167,100,136,46
4930470P17Rik,0,0,0,0,0,0,0,0,0,0,0,0
Ggta1,165,229,183,157,200,222,169,220,358,161,324,228
Stam2,1169,1292,1115,771,934,958,1028,1395,1559,1181,2097,1234
Gm13446,0,2,0,0,0,0,0,0,0,0,0,0
Lrp1b,0,0,0,0,0,0,0,0,0,0,0,0
Ggt7,81,223,178,112,95,72,89,184,198,132,341,146
Mdk,1837,2144,1629,1106,1739,1236,1558,1400,2029,1101,1974,1571
Fbxo18,2313,2783,2350,1932,2165,2053,2299,2284,2595,1666,3441,2636
BC005624,1302,1664,1431,1091,1131,1027,1137,1100,1287,803,1747,1586
Ddrgk1,2412,2834,2357,2110,2155,1769,1979,1607,1631,1203,2856,2747
Spata2,635,768,735,620,642,598,605,641,812,573,1167,812
Mir1954,0,0,0,0,0,0,0,0,0,0,0,0
Mir1955,0,0,0,0,0,1,1,0,0,1,0,0
Mir1952,0,0,0,0,0,0,0,0,0,0,0,0
Mir1953,1,0,0,0,0,0,1,0,0,0,0,0
Mir1951,0,0,0,0,0,0,0,0,0,0,0,0
Ak8,5,2,3,0,1,3,3,2,2,1,7,3
Galk2,406,562,552,364,487,422,506,568,785,427,899,570
Ambra1,1575,1810,1617,1396,1372,1241,1352,1318,1406,1104,2306,1897
Insm1,0,0,0,0,0,0,1,0,1,1,0,1
A530058N18Rik,0,0,0,0,0,0,0,0,0,0,0,0
Lzts3,892,873,802,658,728,675,687,536,590,378,945,935
Ddx27,902,960,899,726,809,674,823,919,1107,712,1609,962
C130021I20Rik,0,0,0,6,0,0,0,0,0,0,4,0
Mrps5,632,818,654,496,544,512,538,646,817,515,1144,720
Mrps2,455,486,407,334,411,321,388,584,633,401,856,464
LOC171588,0,2,2,2,0,0,0,2,0,2,3,2
Dennd1a,1099,1309,1101,1029,998,836,1091,1009,1069,826,1923,1346
Depdc7,20,26,20,0,8,8,15,9,17,17,14,13
Olfr1164,0,0,0,0,0,0,0,0,0,0,0,0
Olfr1167,0,0,0,0,0,0,0,0,0,0,0,0
Olfr1166,0,0,0,0,0,0,0,0,0,0,0,0
Olfr1161,0,0,0,0,0,0,0,0,0,0,0,0
Olfr1160,0,0,0,0,0,0,0,0,0,0,0,0
Olfr1163,0,0,0,0,0,0,0,0,0,0,0,0
Olfr1162,0,0,0,0,0,0,0,0,0,0,0,0
Cercam,2090,2021,1856,1676,2117,1779,2057,1860,2332,1537,2486,1989
Mir7655,1,1,3,1,0,1,1,1,1,0,1,3
Slc12a5,3,7,5,13,6,2,0,3,14,3,12,11
Slc12a6,2299,2574,2243,1907,2048,1904,1918,1661,1683,1319,2524,2744
Slc12a1,0,0,0,0,0,0,0,0,0,2,0,0
Cwc22,693,878,730,540,561,533,644,677,732,541,1148,830
a,0,0,0,0,0,0,0,0,0,0,0,0
Scn7a,13178,15116,13054,9645,11133,11936,12175,9442,7601,7753,15492,15593
Apbb1ip,559,872,819,865,703,661,743,962,1427,897,1530,1007
Birc7,0,0,0,0,0,0,0,0,0,0,0,0
Mylk2,0,4,3,5,0,0,0,0,7,3,7,3
Cry2,1742,2311,1652,1556,1424,1632,1121,1001,868,1122,1802,2231
Mir6419,0,0,0,0,0,0,0,0,0,0,0,0
Trim44,3843,4192,3550,2711,3512,3062,3545,3386,3703,2747,5754,3763
Snai1,3091,2730,2705,2083,2133,1679,2043,3485,3441,2364,6426,2887
4921507L20Rik,13,20,8,16,26,13,16,13,10,11,51,12
Vstm2l,0,0,0,0,0,0,0,0,0,0,0,0
Ccndbp1,960,1085,886,711,800,697,699,761,866,625,1231,1041
Uckl1os,18,9,35,49,16,12,21,37,29,21,48,42
Olfr1506,0,0,0,0,0,0,0,0,0,0,0,0
Nanp,103,163,120,106,128,103,96,138,198,123,187,157
Otor,0,0,0,0,0,0,0,0,0,0,0,3
Bend7,29,23,41,20,20,36,40,26,18,19,40,28
Surf2,328,453,374,375,354,271,355,385,377,275,626,441
Slc2a4rg-ps,281,311,267,297,263,179,208,171,169,120,375,275
Zfp217,1144,1388,1096,1038,955,836,922,1104,1303,867,1911,1335
Sun5,0,0,0,0,0,0,0,0,0,0,0,0
Mir297b,0,0,0,0,0,0,0,0,0,0,0,0
Zc3h15,1194,1405,1232,962,1168,931,1176,1594,1670,1047,2229,1181
Lrrc57,607,763,653,519,563,507,585,522,562,485,744,739
Lrrc55,19,46,32,23,32,25,25,27,46,25,48,43
Atf2,1471,1881,1467,1117,1095,1117,1171,1320,1329,1190,1934,1771
Abtb2,1021,1081,1023,821,751,877,847,859,824,508,1315,1139
Nr4a2,7939,10042,5037,4487,6639,5906,7919,5906,4505,5149,8647,5275
Gm14420,3872,5855,3620,2996,3364,2587,2677,2272,1824,2239,5318,4062
Gm14393,0,0,0,0,0,0,12,0,0,9,32,31
Gm14391,468,0,0,0,360,0,442,0,501,0,0,749
Olfr1038-ps,0,0,0,0,0,0,0,0,0,0,0,0
Olfr339,0,0,0,0,0,0,0,0,0,0,0,0
Il15ra,189,306,198,251,184,156,180,265,388,289,612,300
Lbp,1284,1987,1544,1517,1439,1299,1611,1776,1801,1768,3373,1764
Olfr1189,0,0,0,0,0,0,0,0,0,0,0,0
Olfr1188,0,0,0,0,0,0,0,0,0,0,0,0
Inpp5e,1123,1443,1133,908,1119,791,1123,936,998,713,1688,1356
Olfr1183,0,0,0,0,0,0,0,0,0,0,0,0
Olfr1182,0,0,0,0,0,0,0,0,0,0,0,0
Olfr1181,0,0,0,0,0,0,0,0,0,0,0,0
Olfr1180,0,0,0,0,0,0,0,0,0,0,0,0
Olfr1186,0,0,0,0,0,0,0,0,0,0,0,0
Olfr1184,0,0,0,0,0,0,0,0,0,0,0,0
Plagl2,589,693,542,483,502,434,503,559,595,362,884,672
Eng,3811,4286,4091,3482,3571,3019,3283,3994,4016,2811,6678,4522
Obp2b,0,0,0,0,0,0,0,0,0,0,0,0
Obp2a,0,0,0,0,0,0,0,0,0,0,0,0
Rc3h2,970,1267,937,833,1279,986,1149,979,1105,914,1646,1094
Timm10,137,150,153,132,116,89,114,203,240,153,339,157
Plekha3,855,1007,847,620,771,693,776,800,926,621,1318,895
Olfr1231,0,0,0,0,0,0,0,0,0,0,0,0
Olfr1230,0,0,0,0,0,0,0,0,0,0,0,0
Olfr1233,0,0,0,0,0,0,0,0,0,0,0,0
Olfr1232,0,0,0,0,0,0,0,0,0,0,0,0
Olfr1234,0,0,0,0,0,0,0,0,0,0,0,0
Olfr1239,0,0,0,0,0,0,0,0,0,0,0,0
Olfr1238,0,0,0,0,0,0,0,0,0,0,0,0
Mbd5,820,914,773,659,642,699,792,749,815,584,1347,981
2810405F15Rik,3,4,1,5,4,1,3,1,4,0,3,0
Usp6nl,1517,1448,1281,820,923,1024,1053,1390,1394,945,2146,1419
Prpf6,2124,2352,2175,1608,1600,1563,1834,1865,2022,1345,3072,2202
Shc4,89,143,129,70,66,57,90,167,268,118,255,89
Phpt1,808,1039,812,626,760,638,728,831,974,577,1295,823
Trmt6,328,449,347,291,316,222,337,496,525,430,869,396
Cstl1,0,0,0,0,0,0,0,0,0,0,0,0
Pkp4,1098,986,839,546,805,782,923,617,831,493,1013,881
Snap25,0,0,0,0,0,0,0,0,0,0,0,0
Ninl,642,873,699,643,638,515,608,681,782,473,1256,790
Mir5129,1,1,1,1,1,1,1,1,1,1,1,1
Sox18,91,48,37,28,27,74,18,69,44,9,67,94
Wt1,8,168,36,90,156,35,49,47,166,32,49,195
Traf6,948,1148,1010,715,802,770,887,866,766,631,1273,1118
Fitm2,540,441,426,305,313,393,388,347,374,272,554,578
Sox12,202,158,139,148,182,111,152,416,601,337,697,189
Phf21a,1684,1738,1664,1283,1036,1480,1509,1296,1490,1129,2474,1861
Slc34a3,0,0,0,0,0,0,0,0,0,0,0,0
Rgs19,328,370,336,264,290,219,334,458,618,302,709,350
Fermt1,0,0,0,0,0,0,0,0,0,0,0,0
Olfr1284,0,0,0,0,0,0,0,0,0,0,0,0
Abhd16b,2,2,2,4,4,1,2,4,7,7,6,2
Mcm10,0,7,2,0,7,4,3,139,277,129,180,3
Ergic3,4291,5174,4799,3598,4195,3580,4209,4398,4943,3126,6449,5128
Gfra4,20,49,36,5,32,24,18,24,34,13,37,60
8030411F24Rik,0,0,0,0,0,0,0,0,0,0,0,0
4930515L03Rik,0,0,0,0,0,0,0,0,0,0,0,0
Lrp2,3,25,2,7,2,6,2,7,44,2,27,5
Traf1,63,99,50,57,70,34,51,131,297,98,252,74
Traf2,803,1024,911,693,753,595,683,864,923,615,1579,970
Clic3,49,74,50,47,33,36,46,27,34,30,63,37
Lrp4,22729,21712,18138,14022,16149,14727,17681,14579,10258,12532,28810,21555
Btbd18,0,5,0,2,0,0,0,0,0,0,0,0
Zscan29,995,1062,943,662,826,753,790,717,758,576,1188,1007
Snora43,0,3,3,4,1,1,1,3,0,2,3,1
Acp2,3417,3929,3373,2223,2701,2380,2895,3085,3277,2361,4799,3833
1700010B08Rik,0,0,0,0,0,0,0,0,0,0,0,0
Chrna4,2,4,0,5,5,2,0,7,9,8,3,4
Mir3098,0,0,0,0,0,0,0,0,0,0,0,0
Chrna1,13,18,12,0,16,12,18,10,0,13,31,13
Acoxl,11,12,0,2,9,8,15,2,7,0,12,3
Mir3091,4,4,3,5,3,5,2,5,12,5,7,3
Zfyve19,455,465,411,340,371,283,342,357,435,287,625,462
Matn4,731,654,707,584,505,570,492,552,420,240,589,743
Klhl23,271,249,194,128,226,159,207,247,320,196,355,195
Tmco5,0,0,0,0,0,0,0,0,0,0,0,0
Enkur,12,24,6,10,6,8,17,15,7,6,24,25
Ube2v1,2834,3078,2653,2157,2628,2178,2569,3505,4116,2610,5451,3015
Tfap2c,0,0,0,0,0,0,0,0,0,0,0,0
Mir684-1,60,97,46,50,148,63,55,68,96,79,113,76
Olfr1042,0,0,0,0,0,0,0,0,0,0,0,0
Spred1,2392,2533,2158,1606,2252,2034,2047,2752,3219,2031,4202,2487
BC029214,511,570,439,468,464,382,373,344,349,293,544,486
Rag2,0,0,0,0,0,0,0,0,0,0,0,0
Rag1,0,0,0,0,0,0,0,0,0,0,0,0
Upf2,1147,1297,1083,873,1027,947,1139,1046,1182,786,1800,1294
Actr5,332,354,284,283,233,217,253,189,245,169,517,346
Btbd3,3042,2997,1686,1792,2288,2236,2177,1933,1739,1577,2863,3039
Adamtsl2,24929,14989,14360,11050,17600,16656,19323,16163,11013,15602,28561,14409
Kiz,677,826,664,526,601,537,592,612,620,418,826,751
Galnt13,0,0,0,0,0,0,0,0,0,0,0,0
Frzb,13,45,71,49,13,21,44,56,112,34,40,59
Mtg2,452,530,439,363,358,337,341,377,387,238,534,473
Mllt10,1360,1420,1302,1049,1060,1093,1209,1177,1113,880,1954,1408
AU019990,0,0,0,0,0,0,0,0,0,0,0,0
Kin,297,422,291,283,325,237,280,272,290,195,469,295
Mir695,0,0,0,1,0,0,0,0,0,1,0,0
Mir126,0,0,0,0,0,0,0,1,0,0,1,0
Kif16b,883,1024,870,568,682,676,814,728,879,609,1080,982
Phgr1,0,0,0,0,0,0,0,0,0,0,0,0
Ptgis,11464,13085,11070,8798,9219,8475,9234,9809,7992,9396,17572,11961
AI646519,0,0,4,0,0,0,2,0,0,0,0,0
Fibin,1272,1291,1372,1143,1174,1331,1147,1316,1174,1026,2030,1693
Ddx31,263,295,299,222,286,201,313,345,338,217,529,270
Catsper2,31,41,39,36,37,33,26,25,43,30,68,29
Olfr259,0,0,0,0,0,0,0,0,0,0,0,0
6530402F18Rik,482,508,491,392,314,339,351,414,469,246,638,533
Pnpla7,574,634,602,564,507,468,383,494,525,483,848,740
Lcn10,0,0,0,0,0,0,0,0,0,0,0,0
Lcn12,0,0,0,0,0,0,0,0,0,0,0,0
Bambi-ps1,37,51,22,25,34,33,21,27,22,14,45,34
Slc39a12,0,0,0,0,0,0,0,0,0,0,0,0
Slc39a13,2304,2153,2055,1657,2213,1601,1980,2176,2639,1470,3592,2249
Nsun6,185,264,174,155,128,153,179,201,181,136,340,196
Nacc2,1549,1451,1386,1016,1362,1299,1614,1390,1590,1034,2458,1639
Adrm1,1834,1948,1640,1535,1617,1260,1534,2035,2199,1549,3475,1806
Lrrc4c,14,22,11,17,13,13,4,33,53,38,43,12
Hoxd8,2,17,5,14,24,2,7,5,10,3,0,16
Hoxd9,0,4,0,0,0,0,0,0,0,0,0,0
Hoxd4,0,6,0,5,2,0,3,1,4,0,0,6
Eef1a2,6,11,18,30,3,15,7,6,8,0,0,21
Zfp120,285,337,253,197,269,211,207,293,275,204,391,285
Hoxd3,41,39,36,35,31,21,29,31,36,24,62,48
Il1f9,0,0,0,9,3,0,0,0,6,6,18,0
Il1f8,0,0,0,0,0,0,0,0,0,0,0,0
Rabl6,2255,2490,2172,1872,1942,1578,1944,2055,2422,1501,3519,2331
Slc30a4,1209,1343,1174,874,1093,1076,1196,1301,1101,963,1652,1399
Mybl2,23,15,22,33,28,24,16,165,395,136,244,31
Ckap2l,20,27,9,13,37,9,24,362,768,362,526,19
Il1f5,0,0,0,0,0,0,0,0,0,0,0,0
Pank2,1186,1371,1125,1128,1249,1102,1284,1150,1255,813,1866,1299
Bpi,0,0,0,0,0,0,0,0,0,0,0,0
Ucma,0,0,0,0,0,0,0,0,0,0,0,0
Frmd4a,1512,1520,1150,954,1165,962,1190,1448,1725,1206,2142,1327
Olfr347,0,0,0,0,0,0,0,0,0,0,0,0
Gm5424,104,184,196,116,127,122,0,208,344,104,262,143
Crls1,361,433,288,281,391,318,401,410,456,322,588,378
Cables2,1017,975,1018,793,910,672,943,912,947,623,1543,1013
Pcna,1478,2115,1636,1183,1335,1293,1507,2317,3282,1789,3295,1683
Fbn1,56011,55810,50001,45874,58182,48795,71950,76858,93097,68373,136481,60763
Mcts2,125,166,103,109,109,86,117,143,126,115,266,118
Nup188,1591,1676,1512,1146,1397,1243,1435,1897,2473,1404,3368,1602
Prokr2,0,0,0,0,0,0,0,0,0,0,0,0
Mir467a-8,0,0,0,0,0,0,0,0,0,0,0,0
Mir467a-9,0,0,0,0,0,0,0,0,0,0,0,0
Lpin3,1059,1049,843,880,769,719,743,681,675,601,1131,1006
Mir467a-1,0,0,0,0,0,0,0,0,0,0,0,0
Mir467a-2,0,0,0,0,0,0,0,0,0,0,0,0
Mir467a-4,0,0,0,0,0,0,0,0,0,0,0,0
Mir467a-5,0,0,0,0,0,0,0,0,0,0,0,0
Mir467a-7,0,0,0,0,0,0,0,0,0,0,0,0
A930006I01Rik,0,2,0,0,3,0,0,0,0,0,0,0
Cse1l,1405,1519,1212,937,1387,1155,1407,1824,2284,1310,2479,1482
Zmynd19,296,362,271,231,314,257,309,353,464,255,584,307
Tpx2,50,55,53,20,60,24,64,654,1462,643,995,42
Bub1b,105,131,64,88,83,81,89,545,1162,465,749,148
Sdcbp2,0,6,15,0,12,0,3,8,7,12,22,13
1700017J07Rik,0,0,0,0,0,0,0,0,0,0,0,0
Gm14092,0,0,0,0,2,0,0,0,0,0,3,0
Hspa12b,709,740,604,673,778,630,684,461,501,378,715,733
Ppp1r26,211,183,204,130,163,126,140,183,209,119,305,202
Olfr1120,0,0,0,0,0,0,0,0,0,0,0,0
Slc43a3,29568,33950,25305,19919,23368,24542,23619,19313,14496,16878,31761,30274
Olfr1123,0,0,0,0,0,0,0,0,0,0,0,0
Slc43a1,579,740,647,691,631,549,548,563,648,480,862,807
Olfr1089,0,0,0,0,0,0,0,0,0,0,0,0
Cpxm1,14836,20882,16054,11182,16175,10965,12699,17079,19722,11809,23106,17179
Myl9,1575,1667,1365,1089,1815,1167,1744,1289,1917,1209,2042,1207
Olfr1245,0,0,0,0,0,0,0,0,0,0,0,0
Olfr1246,0,0,0,0,0,0,0,0,0,0,0,0
Olfr1247,0,0,0,0,0,0,0,0,0,0,0,0
Olfr1240,0,0,0,0,0,0,0,0,0,0,0,0
Olfr1241,0,0,0,0,0,0,0,0,0,0,0,0
6430710C18Rik,0,0,0,0,0,0,0,0,0,0,0,0
Olfr1243,0,0,0,0,0,0,0,0,0,0,0,0
Gorasp2,4299,4750,4077,3076,3666,3083,3876,4907,5467,3725,7914,4441
Olfr1248,0,0,0,0,0,0,0,0,0,0,0,0
Olfr1249,0,0,0,0,0,0,0,0,0,0,0,0
Abca2,2424,2935,2471,2110,2231,1930,2197,1259,1404,917,1997,2818
Olfr52,0,0,0,0,0,0,0,0,0,0,0,0
Dnajc24,250,254,209,200,218,184,200,270,259,183,256,274
Hnf4a,0,0,0,0,0,0,0,0,0,0,0,0
Csrp2bp,893,843,827,690,786,739,770,871,1058,673,1415,881
Cdan1,886,1100,841,939,1007,727,1018,843,867,692,1490,1105
Hspa5,31320,38240,35863,22431,26766,22742,25612,39394,41892,19708,62748,31306
Abcb11,0,0,0,0,0,0,0,5,0,0,8,0
Fam83c,0,0,0,0,0,0,3,0,2,5,8,0
Pigu,622,763,627,420,643,465,590,677,810,498,1042,736
Tnnc2,0,0,0,0,0,0,0,0,0,0,0,0
Caprin1,4739,5081,4633,3488,4388,3965,4575,7114,6696,4996,10389,4950
H2afb1,1,0,0,0,0,1,1,2,0,1,0,0
Acss2,991,1274,1061,749,781,760,751,738,734,523,1053,1147
Acss1,132,190,107,95,89,93,109,116,109,52,134,100
B230118H07Rik,297,452,369,208,362,238,299,352,394,212,437,401
Ciao1,1150,1347,1198,960,977,882,975,1070,1215,848,1545,1378
Nespas,0,0,0,0,4,0,0,0,14,3,4,0
Arhgap15,120,155,140,82,103,85,96,77,72,64,146,149
Tpd52l2,2440,3111,2742,1988,2257,1963,2255,2196,2287,1577,3296,3015
Tox2,3,4,9,0,11,0,7,5,4,10,12,8
Scrn3,387,510,373,294,327,321,300,331,366,236,438,392
Ptpn1,2293,2300,2081,1747,1931,1592,1933,2478,2821,1691,4427,2265
Rab14,3518,4118,3273,2448,3665,2946,3248,3799,4107,2798,5303,3723
Mir3087,0,0,0,0,0,0,1,0,0,0,0,0
Accsl,0,0,0,0,0,0,0,0,0,0,0,0
Orc4,593,691,511,397,674,574,572,639,575,491,762,636
Mir3088,0,0,0,0,0,0,0,0,0,0,0,0
Vapb,3542,3948,3379,2460,3434,2719,3267,2945,3324,2204,4515,3540
Ctnnd1,7995,7708,6869,5038,5800,5797,6842,6969,7762,4986,11021,8094
Gdf5,0,0,0,0,3,0,0,0,3,0,0,0
Cd302,4425,6108,4865,3530,4441,4145,4546,3844,3490,3015,6619,5395
Rad51,46,29,21,23,27,27,39,154,328,161,239,35
Mfap1b,2777,3119,2873,2011,2161,2007,2217,1976,2183,1473,3238,2997
Mfap1a,3246,3710,3403,2374,2597,2407,2628,2404,2674,1803,3841,3533
Lypd6,0,0,2,0,0,0,0,3,0,0,0,0
Rbl1,170,292,222,154,132,128,188,446,738,460,682,232
Sptan1,16247,19915,16644,12766,15205,12909,16615,15488,17083,12495,28867,19048
Mir7665,0,1,0,1,0,0,0,0,0,0,0,0
Fmn1,265,353,320,242,213,183,253,337,525,303,527,333
Serping1,102375,124223,113331,88455,99358,90215,102028,109856,98651,96128,207290,122939
Hypk,887,1100,993,737,937,638,822,1087,1311,922,1728,979
Zfp341,226,185,155,130,132,118,149,157,154,121,245,191
Skida1,113,128,104,100,74,82,89,76,112,89,190,116
Epb4.1l1,1460,1787,1442,1110,1225,1136,1455,1288,1799,964,2003,1716
Zfp345,4,0,0,0,5,0,0,0,0,2,6,0
Nrarp,21,16,16,10,8,11,7,11,8,3,10,18
Nxt1,212,293,237,201,216,184,195,331,373,224,487,282
Rnf208,24,21,23,23,16,10,11,7,5,14,24,23
Sh2d3c,212,234,212,211,185,199,109,178,133,140,367,303
Tmem8c,36,22,21,11,23,18,32,66,33,72,140,13
Sycp2,0,6,3,0,0,0,0,2,0,0,4,0
Dlx1,0,0,0,0,0,0,0,0,0,0,0,0
Dlx2,0,0,0,0,0,0,0,0,0,0,0,0
Gfi1b,0,0,0,0,0,0,0,0,0,0,0,0
1700054M17Rik,0,0,0,0,0,0,0,0,0,0,4,0
Ap5s1,371,427,322,310,291,254,293,373,343,283,562,369
Fcna,0,0,0,0,0,0,0,0,0,0,0,0
Il1f10,0,0,0,0,0,0,0,2,4,0,0,0
Sgk2,0,0,0,0,0,0,0,0,0,0,0,0
Ctsa,6016,7104,6722,5187,5409,4591,5391,5568,6315,4008,8131,6842
Vav2,1609,1557,1371,1044,1065,1091,1200,1467,1536,1260,2945,1608
Ctsz,5993,7081,6714,5195,5617,4818,5707,5112,5750,3600,7593,6970
Rexo4,962,1052,960,814,832,717,832,904,1087,604,1704,1035
Gpr176,231,402,393,220,221,115,190,960,1350,692,1437,308
Metap1d,664,876,695,697,675,502,700,561,494,402,1030,659
Hoxd12,0,0,0,0,0,0,0,0,0,0,0,0
Cenpb,5272,5357,4614,3905,4893,3919,4861,4414,5341,3914,6807,4905
Hoxd10,0,0,0,0,0,0,0,0,0,0,0,0
Hoxd11,0,0,0,0,0,0,0,0,0,0,0,0
Snord67,0,0,0,0,0,0,0,0,0,0,0,0
Rpusd2,91,103,117,79,81,81,76,97,80,70,163,113
Ckap5,1892,2206,1878,1378,1666,1455,1830,2002,2757,1798,3566,2076
Bbs5,183,266,209,157,195,175,181,185,184,143,268,230
Ptges2,400,441,354,350,365,328,401,519,535,344,821,442
Nudt5,253,284,282,213,239,185,214,405,534,287,586,276
Scn9a,64,0,0,0,0,0,0,39,0,21,0,0
Trim69,5,15,10,4,7,5,8,34,20,18,44,3
Prkra,572,735,581,460,572,451,556,658,686,488,925,658
Fbln7,276,867,870,698,370,390,408,322,327,186,295,789
Accs,436,532,414,350,360,286,296,335,301,269,664,460
Olfr1272,0,0,0,0,0,0,0,0,0,0,0,0
Gnas,33385,36667,29949,23439,30601,24612,29522,29678,34633,22400,43583,33184
Pkn3,31,21,6,20,28,9,11,63,125,46,106,26
Evx2,0,0,0,0,0,0,0,0,0,0,0,0
Ythdf1,1835,1944,1693,1413,1593,1474,1667,1748,1946,1286,2632,1884
Napb,115,148,104,88,92,97,94,83,72,76,138,117
Snrpb,3101,3776,3156,2597,2960,2432,2772,3412,3989,2441,5161,3474
Ppp1r1c,0,0,0,0,0,0,0,0,0,0,0,0
4930529M08Rik,0,0,0,0,0,0,0,0,0,0,0,0
Mir7674,2,1,3,2,2,1,2,1,1,2,2,2
Spata5l1,198,148,179,161,166,128,155,186,220,106,269,147
Mir7678,0,1,1,1,0,1,0,1,1,1,1,1
Angpt4,171,186,174,147,222,207,197,114,122,73,139,212
Fam171a1,6276,6106,5484,3750,5002,4411,5177,5063,5014,3451,6891,6188
4930440I19Rik,0,0,0,0,0,0,0,0,0,0,0,0
Wfdc15a,0,0,0,0,0,0,0,0,0,0,0,0
Wfdc15b,0,0,0,0,0,0,0,0,0,0,0,0
Cds2,6043,2603,5796,4421,4855,4941,5319,4373,3941,3261,7718,7252
Slc2a10,1121,1280,1046,848,1106,848,1040,1097,1047,737,1700,1104
Cox4i2,5,8,6,0,5,12,14,13,18,5,16,14
Scn2a1,612,582,542,403,460,399,541,375,414,283,565,664
Fam107b,140,176,154,153,174,195,234,171,220,161,258,215
Alkbh3,484,650,461,438,416,339,423,528,529,450,868,537
Entpd6,164,221,180,159,188,138,185,230,331,184,395,167
Esf1,572,793,549,411,503,451,538,595,659,533,990,620
Entpd2,2609,3433,3918,4325,3462,4047,4073,1680,1908,1363,2182,4386
Hspa14,788,1005,824,645,699,581,792,1005,1206,804,1746,839
Entpd8,0,0,0,0,0,0,0,0,0,0,0,0
Zbtb43,688,754,646,555,626,428,485,519,620,410,941,693
Tor1a,818,945,849,659,766,674,726,804,902,560,1161,859
Zbtb46,190,196,208,210,165,163,167,203,239,147,398,202
Tor1b,2349,2666,2451,1831,1989,1746,2005,2104,2298,1475,3224,2601
Map1lc3a,2755,2973,2429,2110,2237,2120,2510,1768,1680,1299,2646,2776
Olfr1257,0,0,0,0,0,0,0,0,0,0,0,0
Olfr1256,0,0,0,0,0,0,0,0,0,0,0,0
Olfr1255,0,0,0,0,0,0,0,0,0,0,0,0
Olfr1254,0,0,0,0,0,0,0,0,0,0,0,0
Olfr1253,0,0,0,0,0,0,0,0,0,0,0,0
Olfr1252,0,0,0,0,0,0,0,0,0,0,0,0
Olfr1251,0,0,0,0,0,0,0,0,0,0,0,0
Olfr1250,0,0,0,0,0,0,0,0,0,0,0,0
Cyct,0,0,0,0,0,0,0,0,0,0,0,0
Gpat2,2,0,5,0,5,0,7,2,15,2,0,2
Olfr1259,0,0,0,0,0,0,0,0,0,0,0,0
Olfr1258,0,0,0,0,0,0,0,0,0,0,0,0
Gm14405,0,0,0,0,0,0,0,37,25,0,0,0
Gm14403,869,1295,791,587,1004,583,712,824,744,712,1265,905
A930004D18Rik,257,202,204,143,190,173,215,240,273,213,363,214
Necab3,17,27,13,39,38,22,26,14,23,25,28,48
Phyhd1,1548,1886,1409,1408,1248,1055,1106,1124,817,892,2487,1636
Slc9a8,1337,1680,1281,1241,1195,906,1058,1099,1089,868,2017,1410
Nsmf,3064,3324,3031,2640,2746,2175,2502,2442,2447,1798,3894,3245
Mgme1,400,456,495,340,438,315,364,312,371,198,449,510
Elmo2,3347,3455,3012,2747,3016,2681,3224,2691,3093,1870,4498,3529
4930555B11Rik,0,0,0,0,0,0,0,0,0,0,0,0
4833423E24Rik,0,0,0,0,0,0,0,0,0,0,0,0
Slc13a3,0,0,0,0,0,0,0,0,0,0,8,2
Pramel6,0,0,0,0,0,0,0,0,0,0,0,0
Pramel7,0,0,0,0,0,0,0,0,0,0,0,0
9630028H03Rik,0,0,0,0,0,0,0,0,0,0,0,0
Ctnnbl1,955,986,830,718,809,661,770,846,962,641,1468,981
Lrrc8a,2205,2077,1954,1689,1876,1675,1843,2012,2209,1620,3586,2217
Mavs,1209,1375,1123,930,1054,923,1052,963,1066,720,1535,1260
Pofut1,3659,4167,3696,2665,3405,2858,3262,2871,3031,2090,4201,4391
Taf3,784,764,721,477,537,544,608,524,524,394,879,733
Sqrdl,2877,3730,3163,2353,2594,2533,2737,2231,2111,1694,3610,3650
Mastl,10,23,11,20,16,11,25,114,256,150,155,31
Gtsf1l,4,0,5,0,0,0,0,0,2,0,6,0
Phospho2,354,499,423,311,372,319,346,392,409,261,565,432
Anapc1,4996,5963,4883,3751,4378,3845,4732,5235,6276,4218,8518,5670
Fam217b,179,197,154,95,102,115,141,159,176,125,243,208
Lcn11,0,0,0,0,0,0,0,0,0,0,0,0
Mir3967,0,0,0,0,0,0,0,0,0,0,0,0
Mal,4,4,2,0,5,0,7,3,5,0,6,5
Mir3963,0,0,0,1,0,0,0,0,0,0,0,0
Slc28a2,0,0,0,0,0,0,0,0,3,0,3,2
Etohi1,518,693,358,347,383,353,306,374,367,301,751,372
Eif6,1236,1383,1212,996,1070,932,1117,1714,2214,1365,2998,1309
Gm13293,29,24,17,5,17,10,15,21,24,26,55,22
AA467197,0,0,0,2,0,0,2,62,113,70,112,6
Rbm43,699,1002,768,605,665,549,681,718,774,564,1114,849
Aplnr,54,49,52,31,40,31,16,40,38,23,54,76
Rbm45,606,615,524,468,443,396,437,608,691,411,844,569
Rapgef4,103,87,78,62,51,63,48,25,32,22,41,119
Rapgef1,3544,3771,3418,2878,3248,3015,3333,3303,3582,2541,5425,4061
Ppdpf,785,886,769,618,772,571,691,699,831,432,963,879
Nostrin,478,501,463,280,341,293,355,309,265,278,561,456
Dpp4,287,585,494,953,620,616,566,321,264,234,336,1046
Dpp7,1205,1603,1584,1321,1229,1077,1157,941,1078,679,1412,1675
Ptpmt1,483,618,500,350,437,398,442,492,585,429,814,566
Prnd,0,0,0,0,0,0,0,0,0,0,0,0
BC061194,15,18,8,0,0,4,0,3,0,0,0,7
Foxa2,8,5,3,8,7,4,6,5,3,3,6,0
Disp2,15,11,13,7,4,26,7,31,35,34,74,29
Sp9,0,0,0,0,3,0,0,0,0,0,0,0
Mir1902,1,1,1,1,1,1,1,1,1,1,1,1
Ccdc32,490,600,489,338,425,349,452,404,422,302,698,570
1700084E18Rik,4,9,1,4,5,1,4,8,8,9,12,5
Sp3,3259,2973,3002,2179,1900,2579,3065,2739,3018,2109,4163,3491
Epc2,1336,1634,1407,1092,1179,1215,1222,1193,1128,918,1763,1510
Sp5,0,6,0,4,0,0,3,7,26,5,3,0
Ccdc34,269,360,297,231,231,234,237,334,523,284,466,311
Csrnp3,0,5,7,6,3,7,7,4,0,5,4,11
Col5a1,37136,29184,29576,26448,34139,30742,40959,49543,67513,35238,68888,32484
Macrod2,75,74,70,45,82,66,86,64,84,43,95,71
Gtf3c5,1223,1323,1092,879,903,851,920,1039,1108,502,1742,1237
Gtf3c4,1401,1486,1475,1053,1198,1016,1265,1488,1778,918,2028,1500
Coq4,183,207,162,155,119,131,147,184,264,157,298,202
Ttll11,27,23,29,13,10,16,5,18,30,19,39,22
Pxmp4,688,855,702,520,577,587,652,582,614,452,776,806
Mc3r,0,0,0,0,0,0,0,0,0,0,0,0
Endog,154,194,213,156,139,149,137,119,123,103,246,206
Tbr1,0,0,0,0,3,0,0,0,0,0,2,0
Gm561,115,175,137,107,124,119,140,126,132,107,174,174
Surf1,1263,1555,1262,973,1027,936,1039,940,842,750,1601,1482
Trpm7,2621,3149,2569,2135,2453,2206,2764,2683,2884,2403,4387,2920
AU015228,62,76,55,40,41,42,40,64,73,40,99,64
Surf4,8261,9230,8216,5762,7301,6242,7941,11596,13577,8302,19231,8680
Surf6,502,558,523,446,482,382,457,545,638,400,941,544
Katnbl1,367,447,343,323,415,334,439,391,426,365,568,406
Cops2,951,1190,988,1077,1572,1003,909,1260,1379,943,1667,1049
Kcnq2,0,0,0,0,0,0,0,0,0,0,0,0
Bpifa2,645,531,443,257,611,179,386,276,297,140,167,361
Mir10b,0,0,0,0,0,0,0,0,0,0,0,0
Olfr1061,0,0,0,0,0,0,0,0,0,0,0,0
Il1rn,0,8,23,10,0,0,0,178,299,60,58,3
4930412B13Rik,0,0,0,0,0,0,0,0,0,0,0,0
Zfp106,5753,5967,5342,3938,4479,4434,5140,4900,5434,3858,8654,6046
Hck,17,10,0,5,3,4,12,33,68,48,123,4
Wipf1,2889,2692,2533,2295,1359,2541,2755,2163,2431,1813,3252,2909
Cobll1,373,386,401,296,254,286,250,251,341,215,487,472
Sel1l2,0,0,0,0,0,0,0,0,0,0,0,0
Ralgapb,2430,2746,2322,1929,2137,2008,2460,2154,2352,1796,3566,2665
Prex1,308,289,360,329,259,358,280,242,266,281,387,356
Ube2l6,1374,1856,1510,1065,1410,1215,1396,2307,2735,1975,4036,1719
Olfr348,0,0,0,0,0,0,0,0,0,0,0,0
Gm3230,39,39,24,30,26,28,40,16,19,17,34,36
Olfr346,0,0,0,0,0,0,0,0,0,0,0,0
Olfr345,0,0,0,0,0,0,0,0,0,0,0,0
Olfr344,0,0,0,0,0,0,0,0,0,0,0,0
Echdc3,266,271,184,171,206,139,179,160,155,127,234,228
Olfr342,0,0,0,0,0,0,0,0,0,0,0,0
Olfr341,0,0,0,0,0,0,0,0,0,0,0,0
Olfr340,0,0,0,0,0,0,0,0,0,0,0,0
Olfr1082,0,0,0,0,0,0,0,0,0,0,0,0
Olfr1080,0,0,0,0,0,0,0,0,0,0,0,0
Olfr1086,0,0,0,0,0,0,0,0,0,0,0,0
Olfr1087,0,0,0,0,0,0,0,0,0,0,0,0
Olfr1084,0,0,0,0,0,0,0,0,0,0,0,0
Olfr1085,0,0,0,0,0,0,0,0,0,0,0,0
D330023K18Rik,50,58,54,44,58,41,64,39,39,45,61,51
Cep250,1503,1843,1429,1403,1343,1169,1340,1173,1352,986,2216,1631
Sec61a2,604,742,541,575,590,521,615,716,626,524,1127,671
Mir297a-3,0,0,0,0,0,0,0,0,0,0,0,0
Mir297a-4,0,0,0,0,0,0,0,0,0,0,0,0
Dync1i2,2816,3122,2861,2018,2426,2284,2786,3034,3486,2355,5171,3192
E130215H24Rik,0,0,0,0,0,0,0,0,0,0,0,4
Rbms1,3730,3931,3711,2499,2423,2774,3041,3617,3922,2980,6689,4083
Ttn,16,23,10,9,4,12,17,9,10,15,32,21
Ttl,1374,1413,1322,1009,1127,1050,1286,1037,1160,706,1413,1377
Jag1,302,532,538,520,452,563,618,407,520,370,626,626
Chst14,1651,1747,1618,1117,1376,1132,1399,1366,1502,1063,2024,1734
Hoxd1,0,0,0,0,0,0,0,0,0,0,0,0
0610039K10Rik,7,9,6,3,7,6,5,13,7,9,10,6
4930583P06Rik,0,0,0,0,0,0,0,0,0,0,0,0
Gm13547,0,6,3,10,2,0,5,0,0,0,5,0
Snord57,7,10,6,6,5,3,5,3,2,6,13,8
Gm13544,0,0,0,0,0,0,0,0,0,0,0,0
Pex16,441,510,416,371,391,368,340,387,370,290,670,534
Nek6,755,721,659,505,658,528,727,1703,2054,1276,3121,667
Bloc1s6,524,645,548,424,445,393,442,562,709,456,919,631
A330069E16Rik,9,16,7,11,6,10,12,12,7,10,23,12
Ypel4,160,156,166,154,125,140,97,72,38,62,88,177
Zmynd8,2597,2552,2186,1829,1854,1672,1849,2158,2628,1740,3618,2452
Eif3m,1579,2058,1758,1263,1687,1510,1689,2087,2291,1597,3357,1908
Gm14057,76,90,62,69,89,80,89,57,75,23,98,70
Prnp,4087,5608,4897,3958,4101,3974,4230,3319,3333,2487,4625,4979
Fer1l4,0,0,0,0,0,0,0,0,0,0,0,0
Olfr1269,0,0,0,0,0,0,0,0,0,0,0,0
4931402G19Rik,4,9,7,9,5,3,5,3,2,6,13,5
Atp8b4,3,25,14,5,6,4,9,11,18,10,29,9
Olfr1262,0,0,0,0,0,0,0,0,0,0,0,0
Olfr1263,0,0,0,0,0,0,0,0,0,0,0,0
Olfr1260,0,0,0,0,0,0,0,0,0,0,0,0
Olfr1261,0,0,0,0,0,0,0,0,0,0,0,0
Snord14a,0,0,0,0,0,0,0,0,0,0,0,0
Olfr1264,0,0,0,0,0,0,0,0,0,0,0,0
Olfr1265,0,0,0,0,0,0,0,0,0,0,0,0
Paupar,0,0,1,0,0,0,0,0,0,0,0,0
F2,0,0,0,0,0,0,0,0,0,0,0,0
Gm13889,11942,9031,8451,6948,7445,7705,7745,6701,3856,4185,14631,9494
Chn1os3,25,28,18,20,28,21,22,27,40,53,81,18
Bpifa3,0,0,0,0,0,0,0,0,0,0,0,0
Olfr1062,0,0,0,0,0,0,0,0,0,0,0,0
Bpifa1,236,288,500,4,184,712,42,217,188,0,218,197
Bpifa6,0,0,0,0,0,0,0,0,0,0,0,0
Olfr1065,0,0,0,0,0,0,0,0,0,0,0,0
Olfr1066,0,0,0,0,0,0,0,0,0,0,0,0
Bpifa5,0,0,0,0,0,0,0,0,0,0,0,0
Fbxo3,2062,2377,1969,1349,1815,1619,1740,1645,1818,1469,2631,2179
Mroh8,6,0,0,0,0,0,0,0,4,0,7,0
Msrb2,505,618,505,418,503,337,448,327,272,228,431,533
Ass1,26,24,8,31,22,21,129,24,33,66,31,90
Gyltl1b,0,4,0,0,0,0,0,0,3,0,0,0
Wfdc9,0,0,0,0,0,0,0,0,0,0,0,0
Phactr3,0,0,0,0,0,3,2,0,3,0,0,0
6720416L17Rik,0,0,0,0,0,0,0,0,0,0,0,0
Dclre1c,225,292,221,87,169,147,190,220,208,93,416,234
Cbln4,0,0,0,0,0,0,0,0,0,0,0,0
Osbpl2,1142,1234,1038,896,962,895,988,939,1036,771,1490,1326
Pla2g4b,0,3,0,47,0,0,0,0,0,0,0,0
5330411J11Rik,0,0,0,0,0,0,0,0,0,0,0,0
Osbpl6,593,565,527,404,482,525,521,342,397,286,533,574
Pla2g4f,0,0,0,0,0,0,2,3,0,0,0,0
Nkx2-4,0,0,0,0,0,0,0,0,0,0,0,0
Pla2g4d,0,0,0,0,0,0,0,0,0,0,0,0
Pygb,2244,2490,2383,2073,2391,2121,2456,2002,2471,1452,2911,2731
Gm826,2,6,5,4,6,4,3,0,0,0,5,4
Psd4,0,8,6,6,0,0,0,3,14,5,19,5
Sapcd2,0,0,0,0,0,0,6,27,96,51,51,0
4930412O13Rik,0,4,0,0,0,0,0,0,0,0,0,0
Apmap,1385,1747,1358,946,1206,936,1146,1335,1358,1023,1969,1567
Oip5,12,16,8,15,8,14,13,43,73,42,62,31
Snora17,2,2,0,3,1,2,0,0,1,3,5,1
Tnfaip6,1651,3470,2589,2539,2224,2850,3059,3422,2767,2572,4809,2845
Oser1,756,1008,841,577,764,666,729,782,752,518,1165,862
D430041D05Rik,791,900,798,509,642,504,711,587,581,593,898,722
Olfr367-ps,0,0,0,0,0,0,0,0,0,0,0,0
Pmpca,1361,1641,1320,1111,1151,1075,1174,1481,1915,1130,2347,1364
Actc1,11,0,15,17,16,14,6,3,13,0,0,15
Flrt3,24,94,59,29,52,30,35,26,96,36,43,94
Acss2os,2,0,4,4,0,0,0,0,0,0,0,0
Ssb,2238,2689,2206,1847,2213,1856,2323,2590,3347,2206,4443,2385
4930405A21Rik,0,3,0,0,0,0,0,0,3,0,4,0
Cat,3125,3697,3108,2412,2591,2375,2772,2433,2533,1838,3736,3529
Ly75,4,2,5,0,0,0,2,34,98,23,80,3
Adal,484,471,350,292,411,345,396,383,378,220,486,456
Exosc2,367,560,425,342,344,263,400,449,603,330,777,508
Zeb2,6657,10357,8632,5967,5868,6660,7291,7609,6956,4855,11275,9775
Fam98b,659,716,624,496,588,486,530,747,862,529,1053,655
Ifih1,1001,1245,974,781,877,822,869,1481,1660,1305,2789,1201
Prn,0,4,7,0,2,0,6,6,0,2,0,6
Usp50,0,0,0,0,0,0,3,2,0,0,0,2
Sp3os,123,136,94,81,92,101,106,90,73,58,117,154
Rnf224,0,0,0,0,0,0,0,0,0,0,0,0
Ccdc34os,0,0,0,0,0,0,0,0,0,0,0,0
Fam163b,39,26,10,34,60,22,55,30,46,66,148,18
Asxl1,1800,1968,1726,1648,1605,1327,1548,1552,2013,1499,3302,2015
Ism1,13432,13783,12255,8357,10940,9168,12118,12091,11782,11995,22007,12596
Gm13315,364,422,370,259,389,222,328,499,687,362,835,361
Dll4,48,34,14,17,22,53,0,40,21,11,63,85
Tmem87b,1854,2215,1851,1522,1779,1648,1841,1596,1571,1548,3368,2083
Tmem87a,697,859,794,472,625,630,621,658,714,530,1098,823
Hipk3,3956,3460,3686,2842,3911,3840,3575,3588,3887,3005,5198,4526
Srxn1,1408,1948,1592,1153,1272,1106,1397,1343,1276,932,2077,1676
Gpr155,719,974,819,575,709,795,702,553,476,485,906,944
Olfr228,0,0,0,0,0,0,0,0,0,0,0,0
Gpr158,0,0,0,0,0,0,0,0,0,0,0,0
Scrt2,0,0,0,0,0,0,0,0,0,0,0,0
Rpn2,12853,15690,13138,9639,11065,9109,11655,13847,15829,10867,21895,14328
AA543186,12,21,13,8,4,11,4,9,7,8,23,16
Mrrf,489,620,485,378,467,418,421,509,578,372,817,574
Gm6793,0,0,0,0,0,0,0,0,0,0,0,0
Tmem189,692,758,647,517,622,560,734,867,1048,576,1174,663
Mir124a-3,0,0,0,0,0,0,0,0,0,0,0,0
Zfp335,1784,1730,1510,1441,1468,1251,1455,1441,1566,1084,2679,1734
Commd9,424,583,447,381,381,362,431,524,573,377,770,503
Etl4,388,514,414,311,344,319,359,345,470,278,428,455
Ssrp1,3562,4499,3768,2789,2919,2614,3210,4048,5496,3047,6638,4063
Commd3,816,1152,967,757,880,719,911,1076,1224,833,1630,1010
Commd7,866,1025,815,650,862,609,792,894,965,550,1308,953
Mir181b-2,0,0,0,0,0,0,0,0,0,0,0,0
Olfr358,0,0,0,0,0,0,0,0,0,0,0,0
Olfr354,0,0,0,0,0,0,0,0,0,0,0,0
Olfr355,0,0,0,0,0,0,0,0,0,0,0,0
Olfr356,0,0,0,0,0,0,0,0,0,0,0,0
Olfr357,0,0,0,0,0,0,0,0,0,0,0,0
Olfr350,0,0,0,0,0,0,0,0,0,0,0,0
Olfr351,0,0,0,0,0,0,0,0,0,0,0,0
Olfr352,0,0,0,0,0,0,0,0,0,0,0,0
Olfr353,0,0,0,0,0,0,0,0,0,0,0,0
Olfr1095,0,0,0,0,0,0,0,0,0,0,0,0
Olfr1094,0,0,0,0,0,0,0,0,0,0,0,0
Olfr1097,0,0,0,0,0,0,0,0,0,0,0,0
Snhg11,25,183,107,118,19,21,17,36,25,13,89,180
Olfr1090,0,0,0,0,0,0,0,0,0,0,0,0
Olfr1093,0,0,0,0,0,0,0,0,0,0,0,0
Haus2,496,577,462,315,421,349,400,415,543,392,733,579
Olfr1098,0,0,0,0,0,0,0,0,0,0,0,0
2310002J15Rik,0,0,0,0,0,0,0,0,0,0,0,0
Nkx2-2,0,0,0,0,0,0,0,0,0,0,0,0
C130080G10Rik,0,0,0,0,0,0,2,0,0,0,0,0
Mmp24,3,5,0,4,0,3,0,8,14,0,6,9
Strbp,216,272,211,173,231,219,225,186,223,138,311,273
Bmf,2302,1769,1892,1477,1530,1439,1413,1221,1432,927,1870,2303
4921504E06Rik,0,0,0,0,0,0,0,0,0,0,0,0
Abi1,2218,2561,2113,1644,1977,1948,2146,2172,2281,1804,3688,2403
Ttll9,0,0,3,0,3,0,0,0,4,0,2,0
Ogfr,1067,1180,1036,963,1002,909,959,1827,2499,1604,3777,1143
Emc7,1836,2312,1820,1318,1599,1383,1565,1812,1865,1446,3022,1979
9430019J16Rik,0,0,0,0,0,0,0,0,0,0,0,0
Mettl15,103,146,123,87,117,87,129,123,122,80,153,130
Mmadhc,1291,1751,1274,1011,1176,1047,1344,1442,1593,1012,2198,1469
1110051M20Rik,891,1042,914,631,775,656,724,713,830,520,1112,1035
OTTMUSG00000016609,0,635,0,0,0,0,0,0,325,0,1341,0
Chn1,348,694,580,428,394,402,365,619,944,753,1133,542
Spi1,10,11,8,0,9,6,8,16,8,16,35,5
Hdc,15,82,20,29,22,16,16,42,110,52,87,34
Hnmt,246,301,286,156,224,213,212,140,133,144,188,303
Myo3a,0,0,0,0,0,0,0,0,0,0,0,0
Myo3b,0,0,0,0,0,0,0,2,3,0,0,0
A230108P19Rik,0,0,0,0,0,0,0,0,0,3,0,0
Lnp,974,1194,929,691,939,845,813,820,842,699,1355,1080
Sardh,1712,1812,1481,1086,1510,1152,1462,2271,2787,1845,3503,1568
Rtfdc1,1884,2119,1832,1352,1563,1263,1559,1902,2098,1285,2984,2053
Mapre1,3225,4164,3192,2430,3298,2826,3586,3968,4494,3143,6082,3538
Morn5,0,0,0,0,0,0,0,0,7,3,7,0
Sestd1,2475,2938,2264,2053,2294,2006,2467,1856,1996,1430,3176,2821
Astl,0,0,0,0,0,0,0,0,0,0,0,0
Sirpa,3595,3845,3699,2996,3702,2891,4232,3707,4235,2593,7045,4023
Uckl1,858,931,785,665,708,594,690,738,742,503,1160,885
Rpp38,73,107,59,61,74,55,72,97,108,69,170,83
Olfr993,0,0,0,0,0,0,0,0,0,0,0,0
Atg13,1529,1722,1579,1219,1212,1206,1109,1403,1459,1020,2280,1749
Olfr1279,0,0,0,0,0,0,0,0,0,0,0,0
Olfr1278,0,0,0,0,0,0,0,0,0,0,0,0
Gtdc1,230,375,291,194,194,206,198,223,288,185,338,272
Olfr1275,0,0,0,0,0,0,0,0,0,0,0,0
Olfr1277,0,0,0,0,0,0,0,0,0,0,0,0
1700080N15Rik,0,0,0,0,0,0,0,0,0,0,0,0
Zbtb26,171,153,143,111,174,145,122,166,216,119,285,157
Olfr1270,0,0,0,0,0,0,0,0,0,0,0,0
1700028P15Rik,0,0,0,0,0,0,0,0,0,0,0,0
Olfr1079,0,0,0,0,0,0,0,0,0,0,0,0
4930568D16Rik,0,0,0,0,0,0,0,0,0,0,0,0
Asb6,823,821,711,663,711,629,718,787,841,506,1236,763
D930015M05Rik,20,44,21,37,13,19,24,10,15,35,50,21
Olfr1076,0,0,0,0,0,0,0,0,0,0,0,0
Otud1,925,880,779,703,699,688,743,508,474,384,806,1066
Gm14461,0,0,0,0,0,0,0,0,0,0,0,0
Stamos,2,6,0,8,0,2,0,8,0,5,14,0
4930473A02Rik,11,21,8,9,17,11,16,12,11,5,19,15
Rprm,0,3,2,7,0,0,1,3,3,2,1,2
Mir466b-2,0,0,0,0,0,0,0,0,0,0,0,0
Mir466b-3,0,0,0,0,0,0,0,0,0,0,0,0
Gm11468,0,0,0,0,0,0,0,0,0,0,0,0
Gm6307,0,0,0,0,0,0,0,2,0,0,0,0
Ap4e1,722,902,720,652,642,605,622,617,688,550,1165,782
Siglec1,0,0,0,0,0,0,0,0,0,0,10,0
Slc1a2,326,271,259,177,157,245,159,257,167,154,268,330
Vps39,1822,1554,1808,1466,1498,1369,962,1559,1546,1135,2385,2200
Dlgap4,4121,4016,3670,3579,3750,3299,3907,3590,3646,2609,6700,4055
Casc4,4740,4779,3690,2302,4067,3409,4174,2782,2691,2562,4009,3984
Mir219-2,0,0,0,2,0,0,0,0,0,0,1,0
Cyp24a1,0,0,0,0,0,0,0,0,0,0,0,0
Smox,652,719,688,503,627,576,602,517,582,360,715,729
Olfr1039,0,0,0,0,0,0,0,0,0,0,0,0
Zfp770,281,352,242,223,269,186,184,210,257,191,330,276
Ubr1,2104,2695,2100,1558,1818,1749,2028,1809,1919,1523,3087,2515
Gpr21,3,6,1,2,7,2,0,3,4,5,5,7
Fam188a,591,700,614,485,539,465,559,699,722,466,1153,571
Rhov,0,0,0,0,0,0,0,0,0,0,0,0
C1qtnf4,56,45,30,24,47,29,38,19,12,19,28,44
Fut7,3,7,3,0,0,0,0,0,2,0,2,2
Dnajc17,184,248,204,163,142,136,160,158,173,145,314,228
Dnajc10,4902,6372,5449,3702,4531,4098,4371,4901,5877,3818,6970,5821
Mall,0,0,0,0,0,4,0,2,0,0,2,0
9130015L21Rik,0,0,0,0,0,0,0,0,0,0,0,0
Spg11,2412,2702,2064,1777,1990,1776,2201,1735,1851,1450,2915,2471
Cutal,225,177,140,103,148,152,149,102,65,58,129,183
Mir8093,3,2,1,2,2,1,1,1,1,2,2,1
Sec23b,1383,1606,1440,1007,1302,1046,1428,1702,1814,1187,3360,1433
Slc2a8,981,1011,897,726,767,621,629,608,645,457,1001,976
Nelfb,2012,2307,2108,1687,1926,1489,1786,1839,2162,1323,2896,2263
Slc2a6,6,5,9,5,2,0,4,23,33,30,94,2
Pamr1,9205,12022,11371,7858,9276,6868,8380,5106,4616,4352,7820,11006
G6pc2,0,0,0,0,0,0,0,0,0,0,0,0
Mir669a-2,0,0,0,0,0,0,0,0,0,0,0,0
Mir669a-3,0,0,0,0,0,0,0,0,0,0,0,0
Pcsk2os1,0,0,0,0,0,0,0,0,0,0,0,0
Pcsk2os2,0,0,0,0,0,0,0,0,0,0,0,0
Plcb1,326,387,299,209,236,258,233,301,294,197,390,431
Plcb2,4,7,3,4,0,5,3,2,9,3,13,0
Plcb4,503,670,550,470,403,465,499,488,485,352,833,687
Duox1,9,10,21,30,14,5,17,5,4,4,0,33
Duox2,0,0,0,0,0,0,0,0,0,0,0,0
Dbhos,0,0,0,0,3,0,4,0,0,5,9,0
Acot8,280,291,276,230,233,191,208,250,277,163,373,317
Zhx3,2415,1967,1897,1356,1613,1771,1970,1311,1363,1220,2096,2268
2810408M09Rik,458,521,429,376,382,305,375,381,426,266,597,456
Lamc3,2015,2337,3000,2078,1823,1862,1740,1137,1241,751,1851,2462
4921509C19Rik,0,2,0,0,0,0,0,0,0,0,0,0
Dbndd2,489,605,557,458,480,452,494,575,611,418,984,642
E130018N17Rik,7,0,0,0,0,3,0,4,3,2,2,0
Cd93,284,224,184,112,127,317,70,271,127,122,687,459
Ola1,706,944,716,523,627,573,715,916,1112,796,1365,770
Angptl2,8735,8698,8815,7114,7347,7377,7413,6430,7068,5153,7316,9708
Mir499,0,0,0,0,0,0,0,0,0,0,0,0
Qrfp,13,7,8,13,10,4,10,6,6,11,9,14
4932414N04Rik,0,0,0,0,0,0,0,0,0,0,0,0
4930528P14Rik,0,0,0,0,0,0,0,0,0,0,0,0
Apip,371,520,415,328,378,264,365,534,602,424,989,527
Eid1,2960,3499,3152,2040,3218,2420,2893,2879,3149,2061,3745,3137
Kcna4,0,0,0,0,0,0,0,0,0,0,0,0
Gata5,2893,2623,1771,1477,2413,1508,2016,2150,2441,1915,4058,2200
Gata3,5,18,0,0,0,2,5,5,6,3,9,4
2310001K24Rik,0,1,1,3,1,0,4,0,0,0,2,0
Src,1891,1459,1408,1423,1611,1288,1507,2032,2112,1758,3429,1780
Ccdc173,48,78,51,52,42,36,45,50,51,17,70,57
Olfr1116-ps,0,0,0,0,0,0,0,0,0,0,0,0
Fibcd1,2,0,0,0,2,0,0,0,0,2,0,0
Olah,0,0,0,0,0,0,0,0,0,0,0,0
Kcns1,0,0,0,0,0,0,0,0,2,0,3,0
Api5,2424,2768,2284,1634,2198,1909,2097,2738,3132,2017,4043,2501
Rasgrp1,3,6,3,0,0,3,3,3,0,5,15,0
Zak,3821,4125,3346,2654,3310,2574,3079,2648,2728,2006,4214,3778
Lypd6b,0,0,3,0,0,0,0,0,0,0,0,0
Nfs1,796,1012,862,691,725,669,734,785,938,570,1345,918
2700094K13Rik,286,309,268,202,226,211,202,612,1090,478,723,310
Olfr1173,0,0,0,0,0,0,0,0,0,0,0,0
2900097C17Rik,9785,10420,8938,6725,9844,7539,8456,7746,8646,6105,12009,9902
4933433C11Rik,0,12,0,0,4,0,15,0,2,0,2,0
Snord90,0,0,0,0,0,0,0,0,0,0,0,0
Tldc2,0,0,0,0,0,0,0,0,0,0,0,0
Fastkd1,250,277,207,194,239,200,262,209,207,160,377,216
Olfr368,0,0,0,0,0,0,0,0,0,0,0,0
Olfr361,0,0,0,0,0,0,0,0,0,0,0,0
Olfr360,0,0,0,0,0,0,0,0,0,0,0,0
Olfr362,0,0,0,0,0,0,0,0,0,0,0,0
Olfr365,0,0,0,0,0,0,0,0,0,0,0,0
Olfr366,0,0,0,0,0,0,0,0,0,0,0,0
Mir6339,0,0,0,0,0,0,0,0,0,0,0,0
Mir6337,0,0,0,0,0,0,0,0,0,0,0,0
Mir6336,0,0,0,0,0,0,0,0,0,0,0,0
Mir6335,0,0,0,0,1,0,0,0,0,0,0,0
Ncs1,268,344,323,304,328,302,401,480,794,332,705,371
Glt6d1,0,0,0,0,0,0,0,0,0,0,0,0
Cytip,3,18,6,3,4,10,5,7,8,14,27,10
Olfr141,0,0,0,0,0,0,0,0,0,0,0,0
Olfr140,0,0,0,0,0,0,0,0,0,0,0,0
Olfr142,0,0,0,0,0,0,0,0,0,0,0,0
Calcrl,476,591,497,305,344,529,200,607,539,292,966,853
Atp9a,1420,1430,1463,1221,1384,1382,1426,1021,1078,806,1610,1616
Mir7685,0,0,0,0,0,0,0,0,0,0,1,0
Myh7b,2,3,2,3,10,5,3,2,2,2,1,1
Lrsam1,911,1061,840,742,754,612,632,700,716,463,992,994
Ccm2l,25,32,15,10,13,22,2,14,8,10,55,39
Ube2c,18,9,11,6,29,3,35,167,508,237,278,19
Slc5a12,2,2,0,0,0,3,0,5,0,0,0,10
Arrdc1,267,332,267,300,321,248,276,268,319,221,500,343
Cdnf,112,119,87,63,77,78,80,55,53,54,55,87
Map1a,1565,1714,1667,1487,1662,1454,1756,2118,2756,1461,3089,1778
Lin7c,1228,1523,1111,866,1212,1063,1107,1186,1217,992,1661,1266
Fjx1,50,52,60,69,65,74,62,99,119,86,141,85
Jmjd7-pla2g4b,300,351,279,277,383,309,346,238,260,144,423,327
Fshb,0,0,0,0,0,0,0,0,0,0,0,0
Sord,1243,1646,1454,1132,1294,1210,1313,819,905,856,1236,1566
Dcaf17,472,539,429,424,398,354,386,439,531,365,771,551
C8g,60,51,43,37,47,43,29,48,37,27,83,65
Elp4,359,447,317,225,272,239,299,350,392,257,496,373
Duoxa1,2,19,7,14,6,20,5,0,0,10,4,22
1500012F01Rik,454,762,686,469,508,435,576,717,845,606,1603,640
Duoxa2,0,0,0,0,0,0,0,0,0,0,0,0
Sephs1,1314,1385,1242,942,1184,1018,1105,1268,1466,947,1738,1326
Zfp831,0,0,0,0,0,0,0,0,2,0,2,0
Olfr1280,0,0,0,0,0,0,0,0,0,0,0,0
Olfr1281,0,0,0,0,0,0,0,0,0,0,0,0
Olfr1282,0,0,0,0,0,0,0,0,0,0,0,0
Olfr1283,0,0,0,0,0,0,0,0,0,0,0,0
5330413P13Rik,0,0,0,0,0,0,0,0,0,0,0,0
Olfr1286,0,0,0,0,0,0,0,0,0,0,0,0
Olfr1287,0,0,0,0,0,0,0,0,0,0,0,0
Olfr1288,0,0,0,0,0,0,0,0,0,0,0,0
Olfr1289,0,0,0,0,0,0,0,0,0,0,0,0
Thbs1,143830,191935,118057,82775,109217,124920,133733,149159,160089,120283,266130,130211
Zbtb34,528,511,453,358,470,381,476,485,518,369,845,520
Brd3,2186,2064,1895,1691,1871,1787,1967,1767,2122,1303,2847,2243
Olfr1048,0,0,0,0,0,0,0,0,0,0,0,0
Olfr1049,0,0,0,0,0,0,0,0,0,0,0,0
Olfr1046,0,0,0,0,0,0,0,0,0,0,0,0
Olfr1047,0,0,0,0,0,0,0,0,0,0,0,0
Olfr1044,0,0,0,0,0,0,0,0,0,0,0,0
Olfr1045,0,0,0,0,0,0,0,0,0,0,0,0
Sys1,711,759,679,578,582,549,607,735,876,535,1139,822
Olfr1043,0,0,0,0,0,0,0,0,0,0,0,0
Olfr1040,0,0,0,0,0,0,0,0,0,0,0,0
6430550D23Rik,15,19,0,13,19,6,12,13,13,18,35,18
Gm14327,3,4,0,0,8,3,5,0,0,0,19,13
Gm14326,784,938,674,417,623,395,632,623,756,537,1188,692
Gm14325,1060,1324,915,716,984,674,897,974,1148,772,1700,1019
Gm14322,981,1077,808,657,799,564,542,711,739,590,1405,821
Tbpl2,0,0,0,0,0,0,0,0,0,0,0,0
Ttc21b,782,974,773,551,642,652,648,733,763,579,1047,919
Manbal,847,1131,1019,687,743,692,864,887,847,719,1422,1046
Rsu1,2645,3201,2697,2013,2453,2133,2677,2864,3044,2310,4433,2963
Phf20,1272,1345,1264,931,1071,1013,1034,1060,1144,792,1667,1441
2310005A03Rik,0,0,0,0,0,0,0,0,0,0,0,0
Tasp1,306,380,313,243,314,287,292,319,387,317,627,351
Ndufaf5,203,244,215,168,177,136,184,207,290,157,395,186
Itgb6,5,4,4,2,3,3,3,6,7,0,9,0
Fap,217,458,414,501,377,380,512,335,414,219,372,444
Grb14,186,166,189,151,137,145,161,260,297,276,606,193
Snph,5,0,2,7,8,5,0,3,2,0,7,3
Pigt,2570,2460,2107,1778,2388,1850,2136,2964,3762,2213,4390,2434
Pdcl,1004,1240,926,637,888,804,818,866,942,639,1272,1099
Cybrd1,128,108,170,98,130,148,103,72,93,51,86,225
Tcf15,34,19,17,24,17,8,17,6,8,0,30,23
Cst12,0,0,0,0,0,0,0,0,0,0,0,0
Gm13939,0,0,0,0,0,0,0,0,0,0,3,0
Kif5c,0,13,3,13,3,4,6,13,15,4,15,10
Pabpc1l,4,8,0,4,5,0,0,10,7,5,38,0
Zfp408,404,398,330,336,305,278,330,382,449,309,667,391
Ttbk2,1096,1271,1060,853,1111,1049,1145,1029,947,753,1607,1167
Tmx4,1460,1805,1648,1082,1472,1470,1359,1233,1347,951,1864,1855
Tmx2,1544,1956,1563,987,1381,1033,1189,1558,1608,1017,2097,1711
Tor2a,924,903,892,784,929,762,794,1063,1219,675,1561,967
6330409D20Rik,0,0,2,0,0,0,0,0,0,0,5,0
Trp53rk,211,189,171,143,152,103,156,141,199,103,254,190
Efcab8,0,0,0,0,0,0,0,0,0,0,0,0
A730017L22Rik,81,98,80,104,109,70,76,107,110,74,155,82
Nxph2,0,0,0,0,0,0,0,0,0,0,0,0
Cdc123,935,1237,1049,761,893,778,925,1093,1292,898,1626,1148
Smtnl1,0,0,0,0,0,0,0,0,0,0,0,0
Olfr1242,0,0,0,0,0,0,0,0,0,0,0,0
4930591A17Rik,0,0,0,0,0,0,0,0,0,0,0,0
Zer1,2328,2297,1937,1736,2099,1658,1698,1501,1537,1180,2545,2355
Cbfa2t2,1368,1402,1246,947,1216,1042,1274,1033,1211,863,1851,1372
Ttc17,1692,1780,1596,1178,1309,1281,1495,1578,1618,1200,2605,1750
Ttc16,17,11,23,16,11,10,6,10,11,18,31,25
Ankef1,0,5,7,5,0,4,2,0,7,3,6,10
Gm1322,0,0,0,0,0,0,0,0,0,0,0,0
Gm1631,0,0,0,0,0,0,0,0,0,0,0,0
Fsip1,0,0,0,0,0,0,0,0,0,0,5,0
Idh3b,2192,2985,2390,1846,2000,1832,1934,2293,2456,1641,3621,2536
Arhgap40,0,0,0,0,0,0,0,0,0,0,0,0
4930547E08Rik,0,0,0,0,0,0,0,0,0,0,0,0
Gm17762,42,14,23,21,51,19,19,30,70,34,57,29
Cd82,7390,11505,9762,6167,5669,7216,8128,8464,4720,6187,13469,6803
Gm5535,0,0,0,0,0,0,0,0,0,0,0,0
Gbgt1,70,76,77,82,65,72,63,56,68,66,91,96
Zeb2os,170,216,200,158,169,135,183,161,171,102,276,245
Egfl7,172,145,125,84,98,178,50,169,122,81,369,265
Taf4a,974,957,827,793,829,776,976,674,802,554,1373,909
Rprd1b,1419,1564,1415,966,1131,957,1188,1320,1407,1029,1869,1429
Bmyc,639,655,544,482,569,470,470,379,368,314,529,695
Trpc4ap,4084,4413,3942,3337,3839,3284,3599,4036,4634,3077,6721,4530
Zc3h8,73,98,105,55,74,72,81,69,101,64,154,87
1810024B03Rik,0,5,0,0,2,0,0,0,0,0,0,0
Pfdn4,216,331,246,206,213,176,169,250,342,227,410,267
Sohlh1,0,3,0,0,0,0,0,0,0,0,0,0
Zc3h6,530,828,597,467,364,425,370,327,320,327,515,718
Gm711,0,4,4,0,0,0,0,0,0,0,0,3
Kcnb1,2635,2450,1927,1460,2419,1720,2117,1397,1385,1132,2265,2438
Ndor1,1379,1492,1276,1202,1124,999,1011,1094,1089,758,1821,1480
Wfdc6a,15,0,8,5,11,5,0,9,0,0,9,7
Wfdc6b,0,0,8,0,0,0,2,4,0,0,8,0
4930430A15Rik,0,0,0,0,0,0,0,0,0,0,0,0
Kcnt1,0,0,0,0,2,0,2,0,0,2,3,0
Arfrp1,1182,1366,1102,954,1018,866,956,809,841,561,1411,1238
Tmem210,0,0,0,0,0,0,0,0,0,0,0,0
B230312C02Rik,0,0,0,0,0,0,0,0,0,0,0,0
Chchd5,173,238,174,157,152,169,140,191,232,180,276,227
Clp1,300,454,412,311,317,297,371,336,298,229,442,449
Lmo2,306,644,514,723,489,529,556,428,416,323,597,726
Mir467b,0,0,0,0,0,0,0,0,0,0,0,0
Atrn,2642,2665,2510,1793,2154,2087,2426,2166,2421,1677,3709,2766
Bpifb9b,0,0,0,0,0,0,0,0,0,0,0,0
Bpifb9a,0,0,0,0,0,0,0,0,0,0,0,0
Knstrn,29,51,46,30,28,24,48,414,674,323,593,42
Meig1,0,0,0,0,0,0,0,0,0,0,0,0
Noxa1,0,0,0,0,0,0,0,0,0,0,0,0
Pin1rt1,157,163,132,120,146,118,155,172,215,142,273,173
Ppp6c,778,910,688,545,702,649,736,887,1030,706,1370,834
Ivd,3849,4442,3284,2511,2723,2773,2233,2721,2442,1671,3762,4131
Samhd1,3519,3648,3102,2717,3108,2729,3354,4752,5609,4960,11805,3597
St8sia6,4,16,5,4,0,6,0,8,5,5,4,17
Slc38a11,0,0,0,0,0,0,0,0,0,0,0,0
Tanc1,2504,2602,2282,1643,1844,1740,1883,2307,2464,1934,3876,2623
Itpka,21,41,22,21,18,14,16,26,15,3,26,36
Itih2,211,267,305,246,299,281,344,117,131,97,136,322
Itih5,1334,3016,2384,2765,2063,2087,2343,1688,2204,1142,1463,3548
4930545L23Rik,0,0,0,0,0,0,0,0,0,0,0,0
Nelfcd,895,1045,751,680,749,614,773,880,1106,717,1503,975
Psmd14,882,1229,907,669,863,673,923,1348,1630,1185,2410,997
Dolpp1,439,422,373,336,406,313,383,418,476,305,604,421
Neurod1,0,0,0,0,0,0,0,0,0,0,0,0
Thnsl1,137,223,153,113,138,129,115,130,131,102,143,157
Olfr152,0,0,0,0,0,0,0,0,0,0,0,0
Olfr153,0,0,0,0,0,0,0,0,0,0,0,0
Lcmt2,897,1229,739,671,650,849,913,574,504,331,720,915
Olfr154,0,0,0,0,0,0,0,0,0,0,0,0
Lmx1b,0,0,0,0,0,0,0,0,0,0,0,0
Defb45,0,0,0,0,0,0,0,0,0,0,0,0
Rnd3,3261,4454,3445,2505,2843,2875,3363,3243,3125,2804,5379,3745
Mapkbp1,1125,1399,1033,1070,1078,899,1088,1020,1349,900,1891,1212
Cass4,1896,1631,1284,958,1106,1135,1290,1288,1112,769,1884,1773
Ppp2r4,3349,3931,3327,2569,2872,2454,2779,3740,4309,2638,5774,3730
Swi5,2521,3564,2838,2069,1587,1546,2504,2228,2650,1590,4468,2080
Pomt1,1573,1726,1370,1131,1376,1072,1294,1147,1205,661,1668,1604
Bmp7,410,474,413,357,357,402,307,288,215,133,331,586
Qser1,1334,1592,1303,1090,1353,1280,1461,1431,1672,1126,2111,1518
Gm14204,0,0,0,0,0,0,0,0,0,0,0,0
Bmp2,198,327,257,305,223,249,220,148,148,88,230,364
Gm14207,0,0,0,0,0,0,0,0,0,0,0,0
Il1bos,0,0,0,0,0,0,0,0,0,0,0,0
Rxra,4479,4106,3925,3067,3579,3274,3609,3476,3946,2699,5707,4400
1110008F13Rik,972,1124,869,764,861,760,952,1229,1415,847,1968,1040
9030204H09Rik,0,0,0,0,0,0,0,0,0,0,0,0
Tmem141,87,136,114,79,107,75,89,130,126,74,161,112
Chst1,499,688,532,436,370,392,353,460,416,199,487,803
Baz2b,2345,2648,2218,1786,1980,1777,2078,1738,1705,1453,3146,2634
