Peak id	Log FC	P-value	Adjusted P-value	Log Odds
1	-1.41	0.0027	0.0322	-2.0903
2	-0.37	0.277	0.5538	-6.7321
3	-1.9	0.0093	0.0664	-3.4202
4	-3.99	0.0007	0.0146	0.2845
5	-1.75	0.009	0.0651	-3.3827
6	-1.11	0.0157	0.0976	-3.962
7	-0.7	0.0076	0.0587	-3.2002
8	-1.48	0.002	0.0273	-1.7936
9	-1.37	0.009	0.0652	-3.3864
10	-1.23	0.0079	0.0598	-3.2387
11	-1.48	0.0002	0.0069	0.4713
12	-0.06	0.6713	0.8325	-7.3314
13	0.06	0.7834	0.8908	-7.394
14	0.01	0.951	0.9774	-7.437
15	0.1	0.635	0.8122	-7.3043
16	-0.09	0.6222	0.805	-7.2939
17	-1.65	0.0086	0.0629	-3.3298
18	-2.28	0.007	0.0555	-3.1142
19	-1.43	0.0052	0.0461	-2.7954
20	-1.44	0.0026	0.0317	-2.0486
21	-2.2	0.0084	0.062	-3.3054
22	-0.96	0.0021	0.0278	-1.8479
23	-1.42	0.0012	0.021	-1.2353
24	-0.62	0.0363	0.1705	-4.8253
25	-1.37	0.0012	0.021	-1.2412
26	-0.29	0.0561	0.2209	-5.2606
27	-1.47	0.0004	0.0093	0.0493
28	0.14	0.3896	0.6416	-6.9961
29	0.24	0.3142	0.5848	-6.833
30	0.29	0.3023	0.5765	-6.8026
31	0.35	0.2731	0.5498	-6.7207
32	0.29	0.2303	0.5099	-6.5785
33	-0.18	0.6916	0.8455	-7.345
34	0.37	0.1678	0.4301	-6.3015
35	0.16	0.2802	0.5573	-6.7414
36	0.32	0.2375	0.5161	-6.6045
37	0.1	0.5817	0.7786	-7.2575
38	0.26	0.1321	0.3772	-6.0837
39	0.25	0.247	0.5262	-6.6375
40	0.44	0.0972	0.3076	-5.7954
41	-0.1	0.8008	0.8995	-7.4011
42	0.24	0.4246	0.6706	-7.0575
43	0.23	0.1469	0.4023	-6.1816
44	0.18	0.2307	0.5101	-6.5799
45	0.14	0.203	0.4773	-6.4697
46	0.39	0.2491	0.5268	-6.6447
47	-0.11	0.6589	0.8264	-7.3226
48	-0.07	0.8201	0.9086	-7.4083
49	0.24	0.3314	0.6014	-6.8745
50	0.16	0.528	0.7444	-7.2008
51	0.31	0.2522	0.5278	-6.655
52	0.22	0.2973	0.5719	-6.7891
53	0.19	0.1541	0.4116	-6.2248
54	0.39	0.1352	0.3825	-6.1049
55	0.27	0.3266	0.5981	-6.8634
56	0.24	0.2678	0.5432	-6.7044
57	0.12	0.4394	0.6822	-7.0813
58	0.9	0.0303	0.1532	-4.6403
59	0.19	0.5756	0.7754	-7.2516
60	0.31	0.2859	0.56	-6.7577
61	0.15	0.456	0.6919	-7.1066
62	0.08	0.7203	0.858	-7.3625
63	0.19	0.4385	0.6814	-7.0798
64	0.15	0.2278	0.5068	-6.569
65	0.37	0.2328	0.5114	-6.5874
66	0.09	0.4561	0.6919	-7.1067
67	0.23	0.2236	0.5016	-6.5532
68	0.25	0.132	0.3772	-6.0834
69	0.22	0.3729	0.6307	-6.964
70	0.09	0.4375	0.6814	-7.0783
71	0.22	0.3182	0.5908	-6.8429
72	0.29	0.2464	0.5252	-6.6354
73	0.15	0.3408	0.6063	-6.8962
74	0.1	0.667	0.8312	-7.3284
75	0.07	0.686	0.8418	-7.3414
76	0.11	0.643	0.8162	-7.3106
77	0.14	0.4673	0.7026	-7.123
78	-0.21	0.5933	0.7855	-7.2685
79	-0.55	0.3741	0.6313	-6.9663
80	-0.18	0.6995	0.8476	-7.3501
81	0.4	0.3007	0.5753	-6.7983
82	0.11	0.7119	0.852	-7.3576
83	-0.21	0.5844	0.7801	-7.2601
84	0.26	0.4898	0.72	-7.1537
85	-0.03	0.9567	0.9807	-7.4375
86	0.03	0.9427	0.973	-7.4362
87	-0.16	0.6599	0.8268	-7.3233
88	-0.19	0.667	0.8312	-7.3284
89	-0.89	0.0331	0.1621	-4.7304
90	-0.28	0.2761	0.5525	-6.7294
91	-0.37	0.3065	0.5788	-6.8134
92	-0.74	0.0394	0.1789	-4.9092
93	-1.16	0.0348	0.166	-4.7838
94	-0.45	0.1076	0.3288	-5.8924
95	-0.5	0.2265	0.5055	-6.5644
96	-0.35	0.339	0.605	-6.8922
97	-0.39	0.3697	0.6275	-6.9575
98	-0.29	0.5699	0.773	-7.2459
99	1.52	0.001	0.0191	-1.0551
100	2.26	0.0003	0.008	0.4741
101	0.57	0.0376	0.1736	-4.8621
102	1	0.1685	0.4303	-5.7328
103	-0.73	0.1757	0.4422	-6.3426
104	-0.37	0.4275	0.6732	-7.0623
105	-0.58	0.2211	0.4983	-6.5436
106	0.06	0.4496	0.6877	-7.0969
107	0.07	0.4691	0.7043	-7.1254
108	0.06	0.4765	0.711	-7.1358
109	0.03	0.706	0.8501	-7.354
110	0.07	0.4139	0.6625	-7.0395
111	-0.09	0.31	0.5817	-6.8225
112	0.16	0.1329	0.3784	-6.0893
113	0.06	0.5506	0.7582	-7.2259
114	0.07	0.422	0.6695	-7.0533
115	0.04	0.7269	0.8603	-7.3662
116	0.21	0.0865	0.2862	-5.684
117	0.01	0.9351	0.9693	-7.4353
118	0.07	0.4326	0.6773	-7.0706
119	0.04	0.6597	0.8268	-7.3231
120	-0.11	0.3345	0.6017	-6.8819
121	0.11	0.2074	0.4808	-6.4885
122	0.05	0.5238	0.7415	-7.1959
123	0.03	0.7884	0.8939	-7.3961
124	0.13	0.1996	0.4747	-6.4552
125	-0.14	0.2914	0.5656	-6.7732
126	0.04	0.6366	0.8132	-7.3056
127	0.18	0.1488	0.4043	-6.1929
128	0.1	0.3656	0.6264	-6.9493
129	0.09	0.4695	0.7045	-7.126
130	0.12	0.3265	0.5981	-6.8631
131	-0.02	0.8071	0.902	-7.4036
132	0.07	0.3851	0.6404	-6.9877
133	0.11	0.2828	0.5589	-6.7489
134	0.09	0.3526	0.6134	-6.922
135	0.23	0.0912	0.2949	-5.7346
136	-0.02	0.8544	0.9307	-7.4191
137	0.2	0.0873	0.2883	-5.693
138	0.17	0.1413	0.3924	-6.1456
139	-0.1	0.3389	0.605	-6.8918
140	0.17	0.2382	0.5166	-6.6069
141	0.1	0.3167	0.5887	-6.8391
142	0.17	0.1898	0.4605	-6.411
143	0.06	0.727	0.8603	-7.3663
144	-0.05	0.7065	0.8504	-7.3543
145	-0.13	0.2622	0.5395	-6.6871
146	0.12	0.1746	0.441	-6.3374
147	0.09	0.3512	0.6122	-6.9191
148	0.03	0.8498	0.928	-7.4178
149	0.2	0.0898	0.2916	-5.7199
150	0.02	0.8509	0.9283	-7.4181
151	-0.03	0.7237	0.8586	-7.3644
152	0.2	0.077	0.2665	-5.5715
153	0.24	0.0733	0.2586	-5.5237
154	0.12	0.2661	0.5407	-6.6992
155	0.33	0.0235	0.1305	-4.3831
156	0.06	0.6106	0.7975	-7.2839
157	0.05	0.7046	0.8487	-7.3532
158	0.17	0.3304	0.6008	-6.8722
159	0.18	0.1751	0.4414	-6.3396
160	0.13	0.3035	0.5765	-6.8056
161	0.16	0.1134	0.3423	-5.9414
162	0.2	0.0775	0.2671	-5.5775
163	0.15	0.2027	0.4773	-6.4685
164	-0.03	0.7924	0.8954	-7.3978
165	0.08	0.3691	0.6274	-6.9564
166	0.05	0.662	0.8273	-7.3248
167	-0.04	0.7145	0.8537	-7.3591
168	0.52	0.0786	0.2686	-5.5918
169	0.33	0.042	0.1844	-4.9726
170	0.41	0.0332	0.1624	-4.7357
171	0.41	0.012	0.0795	-3.6804
172	0.28	0.1153	0.3447	-5.9575
173	0	0.9951	0.9967	-7.4393
174	0.17	0.4943	0.7214	-7.1595
175	0.08	0.7654	0.8821	-7.386
176	0.39	0.3685	0.6274	-6.9552
177	0.01	0.977	0.9892	-7.4388
178	-0.1	0.7374	0.8667	-7.3719
179	0.36	0.3752	0.6314	-6.9685
180	0.12	0.621	0.8043	-7.2928
181	0.13	0.6032	0.7912	-7.2775
182	-0.08	0.8019	0.8998	-7.4016
183	-0.11	0.86	0.933	-7.4206
184	-0.15	0.81	0.9023	-7.4047
185	-0.02	0.9602	0.9824	-7.4378
186	-0.02	0.8025	0.8999	-7.4018
187	0.03	0.6962	0.8476	-7.348
188	-0.01	0.8772	0.9426	-7.425
189	0.07	0.4532	0.69	-7.1024
190	0.08	0.5178	0.7393	-7.1888
191	-0.04	0.652	0.8201	-7.3174
192	-0.07	0.5466	0.7541	-7.2216
193	-0.1	0.3104	0.5817	-6.8234
194	-0.05	0.6014	0.7908	-7.2758
195	0.08	0.4656	0.7015	-7.1206
196	0.07	0.4978	0.724	-7.1641
197	0.13	0.258	0.5355	-6.6739
198	0.03	0.7685	0.8833	-7.3874
199	0.13	0.2381	0.5166	-6.6067
200	0.1	0.2702	0.5462	-6.7117
201	0.04	0.6815	0.8376	-7.3384
202	-2.86	0.0028	0.0326	-2.1224
203	-2.66	0.0012	0.0206	-1.1975
204	-2.02	0.0003	0.0085	0.1792
205	-2.72	0.0007	0.0152	-0.6751
206	-1.33	0.0017	0.0254	-1.4106
207	-0.48	0.1115	0.3381	-5.9259
208	-1.45	0.0016	0.0241	-1.3144
209	-0.51	0.0676	0.2461	-5.4444
210	-0.36	0.1912	0.462	-6.4174
211	-0.38	0.2657	0.5407	-6.6981
212	-0.41	0.1259	0.3652	-6.0394
213	-3.53	0	0.0001	7.1976
214	-1.31	0.0001	0.0033	1.5638
215	-1.31	0.0044	0.0422	-2.6149
216	-1.14	0.003	0.0347	-2.2288
217	-0.95	0.0032	0.0356	-2.288
218	-0.56	0.1466	0.4023	-6.1794
219	-1	0.0107	0.0737	-3.5602
220	-1.6	0.0002	0.0068	0.5095
221	-1.04	0.0011	0.0197	-1.1109
222	-0.48	0.063	0.2376	-5.3763
223	0.05	0.748	0.872	-7.3774
224	-0.26	0.3531	0.6137	-6.9232
225	-0.24	0.701	0.8478	-7.351
226	-0.04	0.7941	0.8954	-7.3985
227	-0.46	0.1175	0.3502	-5.9751
228	0.03	0.9365	0.9694	-7.4355
229	-1.1	0.0366	0.1705	-4.8336
230	-1.02	0.0238	0.1318	-4.3967
231	-1.24	0.013	0.0841	-3.7696
232	0.33	0.1615	0.4214	-6.2672
233	-0.37	0.14	0.3916	-6.1371
234	-2.24	0.002	0.0273	-1.6046
235	-1.06	0.0056	0.0485	-2.8871
236	-1.36	0.0013	0.0215	-1.3142
237	0.02	0.9008	0.9516	-7.43
238	0.02	0.874	0.9417	-7.4242
239	0.05	0.7864	0.8927	-7.3953
240	-0.06	0.7224	0.8586	-7.3637
241	0.13	0.5637	0.7699	-7.2397
242	0.02	0.9491	0.9758	-7.4368
243	0.72	0.167	0.4292	-6.2971
244	0.63	0.227	0.5059	-6.5663
245	-0.15	0.5864	0.7808	-7.262
246	0.35	0.3662	0.6264	-6.9506
247	0.04	0.9326	0.9684	-7.435
248	-0.11	0.8123	0.9034	-7.4055
249	-0.53	0.1624	0.4227	-6.2723
250	0.23	0.2839	0.5589	-6.7521
251	0.23	0.3225	0.5952	-6.8535
252	-0.35	0.1873	0.4583	-6.3995
253	-0.57	0.1406	0.3922	-6.1411
254	-0.55	0.1903	0.4611	-6.4136
255	-0.29	0.5147	0.7361	-7.1851
256	-0.32	0.1588	0.4174	-6.252
257	-0.39	0.3745	0.6313	-6.9672
258	-0.59	0.1015	0.3168	-5.8368
259	-0.69	0.0807	0.273	-5.6168
260	-0.84	0.0161	0.0994	-3.9922
261	-0.67	0.0459	0.1962	-5.0608
262	-0.03	0.8691	0.9381	-7.423
263	-0.29	0.2491	0.5268	-6.6446
264	-0.31	0.1844	0.4558	-6.3859
265	-0.31	0.265	0.5407	-6.6958
266	-0.42	0.0479	0.2023	-5.1052
267	-0.14	0.4303	0.6754	-7.0669
268	-0.09	0.3285	0.5988	-6.8679
269	-0.17	0.0858	0.2847	-5.676
270	-0.04	0.7156	0.8545	-7.3598
271	0	0.9768	0.9892	-7.4388
272	-0.21	0.0405	0.182	-4.9363
273	-0.08	0.5137	0.7356	-7.1839
274	-0.19	0.0971	0.3076	-5.7947
275	-0.09	0.401	0.6509	-7.0171
276	-0.11	0.5308	0.7461	-7.204
277	-0.19	0.0953	0.3035	-5.7769
278	-0.19	0.0924	0.2969	-5.7471
279	-0.06	0.7364	0.8665	-7.3714
280	0.01	0.8906	0.948	-7.4279
281	-0.19	0.1868	0.4583	-6.397
282	-0.05	0.6774	0.8358	-7.3356
283	-0.02	0.8751	0.942	-7.4245
284	-0.09	0.5705	0.7731	-7.2465
285	-0.16	0.1927	0.4646	-6.4243
286	-0.02	0.8768	0.9426	-7.4249
287	-0.06	0.6355	0.8123	-7.3047
288	0.34	0.2913	0.5656	-6.773
289	0.07	0.7332	0.8638	-7.3697
290	0.23	0.1628	0.4231	-6.2747
291	-0.27	0.211	0.4849	-6.5034
292	-0.54	0.0223	0.1243	-4.3262
293	0.12	0.4786	0.7122	-7.1387
294	0.1	0.6812	0.8376	-7.3382
295	0.16	0.4508	0.6889	-7.0987
296	0.55	0.1984	0.4721	-6.4498
297	0.35	0.0421	0.1844	-4.9738
298	0.17	0.1728	0.4382	-6.3282
299	0.19	0.1717	0.4368	-6.3223
300	0.13	0.2109	0.4849	-6.5032
301	0.37	0.0839	0.2808	-5.6549
302	0.01	0.9615	0.9825	-7.4379
303	-1.47	0.0513	0.2108	-5.1725
304	-0.01	0.878	0.9431	-7.4252
305	-0.44	0.2869	0.5607	-6.7607
306	-0.41	0.3229	0.5952	-6.8545
307	-0.33	0.2047	0.4793	-6.4772
308	-0.29	0.2858	0.56	-6.7574
309	-0.02	0.9074	0.9561	-7.4312
310	-0.05	0.8001	0.8995	-7.4009
311	-0.26	0.3303	0.6008	-6.872
312	-0.24	0.283	0.5589	-6.7496
313	-0.1	0.5795	0.7782	-7.2553
314	0	0.9943	0.9966	-7.4393
315	-0.56	0.0026	0.0317	-2.0397
316	-0.79	0.0024	0.03	-1.9638
317	-0.75	0.0024	0.0307	-1.9921
318	-0.72	0.002	0.0272	-1.7813
319	-0.71	0.0034	0.0368	-2.3387
320	-0.56	0.0049	0.0451	-2.7477
321	-0.74	0.005	0.0451	-2.7485
322	-0.54	0.0054	0.0474	-2.8433
323	-0.42	0.0762	0.2645	-5.5616
324	-0.35	0.1415	0.3927	-6.1471
325	0.01	0.9722	0.9866	-7.4386
326	-0.37	0.3262	0.5981	-6.8624
327	-0.4	0.3904	0.6426	-6.9976
328	-0.46	0.367	0.6264	-6.9521
329	-0.34	0.4073	0.6578	-7.0282
330	-0.25	0.4515	0.6894	-7.0998
331	-0.58	0.3721	0.6297	-6.9623
332	-0.45	0.3278	0.5986	-6.8661
333	-0.28	0.4913	0.7202	-7.1556
334	-0.13	0.6986	0.8476	-7.3494
335	-0.43	0.3852	0.6404	-6.9879
336	-0.36	0.3735	0.6311	-6.9652
337	-0.37	0.3934	0.6438	-7.0031
338	-0.41	0.3039	0.5765	-6.8067
339	-0.61	0.1805	0.449	-6.3668
340	-0.41	0.3187	0.5908	-6.8443
341	-0.4	0.2633	0.54	-6.6905
342	-0.54	0.2352	0.5138	-6.5964
343	-0.57	0.2315	0.5108	-6.5829
344	-0.26	0.4136	0.6625	-7.0391
345	-0.48	0.3931	0.6438	-7.0027
346	0.09	0.8637	0.9357	-7.4216
347	-0.13	0.7258	0.8603	-7.3656
348	1.05	0.0187	0.1105	-4.1455
349	0.8	0.0982	0.3103	-5.8057
350	0.8	0.1284	0.3709	-6.0574
351	1.07	0.0269	0.1419	-4.52
352	1.37	0.0007	0.0146	-0.6019
353	1.59	0	0.0018	2.7387
354	0.6	0.0916	0.2957	-5.7391
355	0.63	0.0921	0.2966	-5.7441
356	1.19	0.0022	0.0282	-1.8719
357	0.56	0.2901	0.5648	-6.2435
358	0.27	0.5348	0.7486	-7.2085
359	0.32	0.2835	0.5589	-6.7509
360	-0.26	0.5794	0.7782	-7.2553
361	-0.24	0.2985	0.5736	-6.7924
362	0.34	0.2944	0.5688	-6.7813
363	0.39	0.3264	0.5981	-6.8628
364	-0.29	0.3115	0.5817	-6.8263
365	-0.35	0.1799	0.4486	-6.3637
366	0.12	0.6084	0.7957	-7.2821
367	-0.18	0.7234	0.8586	-7.3642
368	-0.06	0.5076	0.7312	-7.1764
369	-1.01	0.0164	0.1003	-4.0092
370	-0.73	0.0195	0.1136	-4.1879
371	-0.73	0.0209	0.118	-4.2597
372	-0.61	0.0533	0.2139	-5.2099
373	-1.75	0.0084	0.0623	-3.3141
374	-1.76	0.0084	0.062	-3.3063
375	-0.71	0.0304	0.1535	-4.6444
376	-0.94	0.0097	0.0685	-3.4644
377	-1.29	0.005	0.0452	-2.754
378	-1.51	0.0055	0.0477	-2.8616
379	-1.65	0.0112	0.0764	-3.6156
380	-0.75	0.0521	0.2119	-5.0572
381	-1.68	0.0044	0.0422	-2.4291
382	-1.63	0.0201	0.1152	-4.069
383	-0.89	0.0954	0.3035	-5.7779
384	-0.92	0.0011	0.0203	-1.1692
385	-0.75	0.0026	0.032	-2.0669
386	-0.89	0.0015	0.0234	-1.4326
387	-0.38	0.2835	0.5589	-6.751
388	-0.87	0.0412	0.1833	-4.9541
389	-0.39	0.0319	0.1585	-4.6944
390	-0.43	0.0165	0.1006	-4.0146
391	0.3	0.0254	0.1374	-4.4596
392	0.44	0.0077	0.0595	-3.2231
393	0.48	0.0068	0.0544	-3.082
394	0.47	0.009	0.065	-3.379
395	0.49	0.0063	0.0519	-3.0091
396	0.62	0.0054	0.0474	-2.8411
397	0.21	0.1766	0.4435	-6.3473
398	0.65	0.0029	0.034	-2.1792
399	0.76	0.0015	0.0237	-1.496
400	0.85	0.0018	0.0257	-1.6593
401	0.68	0.0087	0.0637	-3.3448
402	0.87	0.0015	0.0236	-1.4523
403	0.88	0.002	0.0271	-1.7662
404	0.16	0.3689	0.6274	-6.9559
405	0.91	0.0007	0.0153	-0.7005
406	0.33	0.0446	0.1919	-5.0333
407	0.93	0.002	0.0271	-1.7638
408	0.39	0.0379	0.1743	-4.8696
409	0.49	0.0124	0.0805	-3.7157
410	0.46	0.0065	0.0528	-3.0321
411	0.51	0.0055	0.0476	-2.8533
412	0.52	0.0036	0.0378	-2.3976
413	0.57	0.0032	0.0356	-2.2951
414	0.21	0.065	0.2415	-5.4062
415	0.46	0.0095	0.0671	-3.4379
416	0.55	0.0118	0.0788	-3.664
417	0.49	0.003	0.0341	-2.1977
418	0.3	0.078	0.2674	-5.5842
419	0.46	0.0176	0.1052	-4.0838
420	0.39	0.0174	0.1051	-4.0725
421	-0.83	0.0036	0.0378	-2.4003
422	-0.32	0.149	0.4045	-6.1943
423	-0.95	0.0018	0.0257	-1.6561
424	-0.69	0.0158	0.0976	-3.9691
425	-0.33	0.1285	0.3709	-6.0581
426	-0.01	0.9097	0.9575	-7.4316
427	0.04	0.6908	0.8455	-7.3445
428	-0.07	0.487	0.7186	-7.15
429	-0.11	0.2095	0.4825	-6.4972
430	0.05	0.5392	0.7517	-7.2135
431	-0.17	0.0771	0.2667	-5.5732
432	0.1	0.3199	0.5923	-6.8471
433	0.03	0.7556	0.8751	-7.3813
434	-0.04	0.7225	0.8586	-7.3638
435	-0.03	0.7837	0.8908	-7.3942
436	-0.03	0.8007	0.8995	-7.4011
437	0.07	0.6181	0.8033	-7.2904
438	0.05	0.635	0.8122	-7.3043
439	0.07	0.4587	0.6937	-7.1105
440	-0.01	0.9252	0.9663	-7.434
441	0.06	0.5893	0.7828	-7.2647
442	-0.03	0.9105	0.9577	-7.4317
443	-0.06	0.8242	0.9111	-7.4097
444	0.06	0.7938	0.8954	-7.3983
445	-0.45	0.2275	0.5066	-6.568
446	0.1	0.7518	0.8736	-7.3794
447	0.01	0.954	0.9792	-7.4373
448	-0.04	0.8796	0.9436	-7.4255
449	-0.33	0.3881	0.6406	-6.9934
450	0.1	0.7115	0.8519	-7.3574
451	-8.11	0	0	11.9562
452	-1.98	0.0199	0.115	-3.456
453	-1.95	0.0055	0.0478	-2.4315
454	-3.3	0.0001	0.0042	2.0183
455	-1.25	0.002	0.0272	-1.7848
456	-1.79	0.0002	0.0064	0.6105
457	0.43	0.0418	0.1841	-4.9678
458	-0.52	0.1471	0.4023	-6.1824
459	-0.51	0.1417	0.3928	-6.1482
460	0.27	0.1885	0.4601	-6.405
461	-0.04	0.809	0.9023	-7.4043
462	0.34	0.2454	0.5242	-6.6321
463	0.42	0.06	0.23	-5.3272
464	-0.64	0.0122	0.0799	-3.7027
465	0	0.9841	0.9933	-7.439
466	0.05	0.5905	0.7837	-7.2659
467	-0.57	0.1487	0.4043	-6.1923
468	-0.52	0.4066	0.6568	-7.0269
469	-0.44	0.3597	0.621	-6.9371
470	-0.45	0.0406	0.182	-4.9388
471	-0.16	0.3821	0.6373	-6.982
472	-0.11	0.5336	0.7475	-7.2071
473	-0.13	0.4161	0.6638	-7.0434
474	-0.68	0.0285	0.1472	-4.5781
475	-0.64	0.0359	0.1692	-4.8128
476	0.28	0.5077	0.7312	-7.1765
477	0.16	0.6601	0.8268	-7.3234
478	0.59	0.0572	0.2244	-5.28
479	-0.09	0.498	0.724	-7.1643
480	-0.1	0.564	0.7699	-7.2399
481	0.12	0.2486	0.5267	-6.6428
482	0.03	0.7816	0.8905	-7.3932
483	0.19	0.2117	0.4857	-6.5061
484	0.12	0.411	0.6607	-7.0346
485	-0.06	0.7521	0.8736	-7.3795
486	-0.01	0.9684	0.9848	-7.4383
487	-0.31	0.1715	0.4366	-6.3212
488	-0.08	0.3807	0.6365	-6.9793
489	-0.04	0.6997	0.8476	-7.3501
490	-0.01	0.8824	0.9451	-7.4262
491	0.16	0.3813	0.6369	-6.9805
492	0.72	0.029	0.1492	-4.5989
493	-0.19	0.5849	0.7802	-7.2606
494	0.18	0.3338	0.6017	-6.8802
495	0.21	0.3604	0.6215	-6.9385
496	-0.05	0.7943	0.8954	-7.3985
497	0.01	0.9548	0.9797	-7.4374
498	-0.12	0.2817	0.558	-6.7457
499	-0.01	0.9169	0.9621	-7.4328
500	-0.14	0.5994	0.7905	-7.2741
501	-0.28	0.1403	0.3921	-6.1394
502	-3.38	0	0.0018	2.7648
503	-0.57	0.0368	0.171	-4.8396
504	-0.02	0.961	0.9825	-7.4379
505	-0.15	0.6209	0.8043	-7.2928
506	-2.04	0.0018	0.0257	-1.6797
507	-1.8	0.0037	0.0383	-2.4254
508	-3.49	0	0.0017	2.8626
509	-2.25	0	0.0019	2.8709
510	-2.31	0	0.0019	2.7853
511	-2.04	0	0.0001	7.6426
512	-1.8	0	0.0019	2.8302
513	-0.01	0.9643	0.9831	-7.4381
514	-1.02	0.0113	0.0764	-3.4514
515	-0.05	0.8075	0.902	-7.4037
516	3.56	0	0.0011	3.608
517	3.73	0	0.0004	5.0845
518	0.45	0.1889	0.4605	-6.4069
519	2.97	0.0002	0.0053	1.3967
520	2.37	0.0166	0.101	-3.2512
521	-0.08	0.7003	0.8477	-7.3505
522	0.24	0.6507	0.8196	-7.3164
523	-0.2	0.4562	0.6919	-7.1068
524	0.19	0.4978	0.724	-7.164
525	-0.04	0.6314	0.8116	-7.3015
526	-0.45	0.2736	0.55	-6.7221
527	-0.04	0.9272	0.9663	-7.4343
528	-0.25	0.5634	0.7698	-7.2393
529	-0.59	0.3253	0.5978	-6.8601
530	0.01	0.8833	0.9452	-7.4264
531	0.04	0.687	0.8421	-7.342
532	0.2	0.2539	0.53	-6.6603
533	-0.07	0.3808	0.6365	-6.9795
534	-0.48	0.3352	0.6018	-6.8834
535	-0.2	0.6376	0.8138	-7.3064
536	-0.2	0.5397	0.7517	-7.2141
537	-0.3	0.2305	0.5101	-6.5793
538	-0.32	0.1635	0.4239	-6.2786
539	0.12	0.217	0.4938	-6.5278
540	0.03	0.6955	0.8476	-7.3475
541	-0.08	0.3476	0.6097	-6.9113
542	-0.23	0.6433	0.8162	-7.3108
543	0.05	0.9128	0.9592	-7.4321
544	-0.11	0.7945	0.8954	-7.3986
545	-0.63	0.2014	0.4769	-6.4631
546	0.24	0.3416	0.6064	-6.8979
547	0.18	0.3498	0.6115	-6.916
548	0.19	0.5531	0.7586	-7.2286
549	-0.07	0.3873	0.6406	-6.9919
550	0	0.9974	0.9983	-7.4393
551	0.05	0.7131	0.8528	-7.3583
552	0.05	0.632	0.8116	-7.3019
553	-0.07	0.3873	0.6406	-6.9919
554	-0.47	0.0744	0.261	-5.5379
555	-1.02	0.0119	0.0793	-3.6758
556	-0.48	0.0333	0.1624	-4.7386
557	-0.26	0.0309	0.1556	-4.6616
558	3.62	0	0.0003	5.2245
559	0.28	0.0103	0.0716	-3.5184
560	-1.15	0.0173	0.1046	-4.0656
561	-0.01	0.9273	0.9663	-7.4343
562	-0.05	0.5313	0.7461	-7.2045
563	-0.08	0.6346	0.8122	-7.304
564	-0.41	0.2362	0.5147	-6.5999
565	-0.41	0.1825	0.4521	-6.3765
566	0.01	0.8955	0.9496	-7.4289
567	-0.13	0.4911	0.7202	-7.1554
568	-1.13	0.0557	0.2199	-5.2548
569	-0.86	0.0673	0.2458	-5.441
570	-0.46	0.1464	0.4023	-6.178
571	-1.52	0.0496	0.2072	-5.1388
572	-0.35	0.2247	0.5028	-6.5574
573	-1.74	0.0288	0.1485	-4.4463
574	-1.1	0.0598	0.23	-5.3248
575	-0.3	0.2525	0.5278	-6.6557
576	-1.17	0.0603	0.2306	-5.3321
577	-1.01	0.0388	0.1774	-4.8934
578	-0.22	0.3343	0.6017	-6.8813
579	-0.16	0.5201	0.7399	-7.1916
580	-0.94	0.0574	0.2249	-5.2834
581	-2.08	0.0163	0.1001	-3.6185
582	-0.68	0.1067	0.3269	-5.8846
583	-0.49	0.1033	0.3203	-5.8536
584	-0.99	0.0554	0.219	-5.1193
585	-1.57	0.0079	0.0598	-3.0655
586	-0.7	0.1124	0.3405	-5.9335
587	-1.3	0.0384	0.176	-4.8826
588	-0.39	0.2204	0.4975	-6.541
589	-1.03	0.1144	0.3442	-5.9499
590	-1.24	0.0407	0.182	-4.8043
591	-0.28	0.3706	0.6285	-6.9595
592	-0.5	0.1568	0.4151	-6.1343
593	-0.74	0.1151	0.3447	-5.956
594	-1.7	0.0265	0.1409	-4.1436
595	-0.28	0.3617	0.6228	-6.9412
596	-1.16	0.0478	0.2021	-4.9693
597	-0.91	0.1055	0.3253	-5.874
598	-0.66	0.1254	0.3641	-6.0358
599	-0.9	0.0018	0.0257	-1.6602
600	-0.2	0.4468	0.686	-6.8703
601	-0.8	0.052	0.2119	-5.055
602	0.1	0.2346	0.5136	-6.5941
603	0.09	0.3466	0.6097	-6.9091
604	0.15	0.1212	0.3576	-6.0039
605	0.05	0.5877	0.7818	-7.2632
606	0.29	0.0493	0.2063	-5.1323
607	0.16	0.1679	0.4301	-6.3024
608	-0.04	0.7938	0.8954	-7.3983
609	0.16	0.1547	0.4123	-6.2286
610	-0.05	0.7521	0.8736	-7.3795
611	0.22	0.1009	0.3166	-5.8311
612	-0.01	0.933	0.9684	-7.435
613	-0.04	0.752	0.8736	-7.3794
614	0.04	0.6702	0.8325	-7.3307
615	0.41	0.0613	0.233	-5.3485
616	1.62	0.002	0.0271	-1.7569
617	0.93	0.0006	0.0142	-0.5521
618	0.19	0.3807	0.6365	-6.9792
619	-0.03	0.8329	0.9159	-7.4126
620	0.03	0.8248	0.9113	-7.4099
621	0.05	0.721	0.858	-7.3629
622	0.07	0.6813	0.8376	-7.3383
623	0.11	0.5023	0.7267	-7.1697
624	0.17	0.2642	0.5407	-6.6935
625	0.22	0.175	0.4414	-6.3394
626	-0.18	0.4886	0.7194	-7.1521
627	-0.04	0.8302	0.9146	-7.4117
628	-0.1	0.6196	0.8041	-7.2917
629	-0.14	0.5854	0.7806	-7.2611
630	-0.01	0.9648	0.9832	-7.4381
631	-0.04	0.8057	0.9017	-7.403
632	-0.01	0.9516	0.9774	-7.4371
633	-0.21	0.492	0.7202	-7.1566
634	-0.2	0.3363	0.603	-6.886
635	-0.05	0.8573	0.9319	-7.4199
636	-0.28	0.2324	0.511	-6.5861
637	0.03	0.7244	0.8591	-7.3648
638	0.42	0.0999	0.3141	-5.8215
639	0.3	0.0377	0.1736	-4.8625
640	-0.31	0.2956	0.5704	-6.7846
641	-0.62	0.1085	0.3302	-5.9001
642	-0.62	0.1165	0.3476	-5.9672
643	-0.01	0.8844	0.9455	-7.4266
644	-0.08	0.7177	0.8561	-7.361
645	-0.08	0.7073	0.8504	-7.3548
646	-0.18	0.4797	0.713	-7.1401
647	-0.17	0.4384	0.6814	-7.0798
648	-0.22	0.334	0.6017	-6.8806
649	-0.31	0.3135	0.5841	-6.8312
650	-0.09	0.7094	0.8513	-7.3561
651	-0.01	0.9615	0.9825	-7.4379
652	-0.23	0.2481	0.5267	-6.6412
653	-0.71	0.1539	0.4116	-6.2235
654	-0.11	0.783	0.8908	-7.3939
655	-3.37	0	0.0001	6.6589
656	-1.55	0.0454	0.1952	-5.0515
657	-0.3	0.3421	0.607	-6.8991
658	-1.58	0.0032	0.0356	-2.2734
659	-2.58	0.0016	0.0244	-1.0545
660	-1.62	0.0015	0.0237	-1.4978
661	-0.05	0.7411	0.8681	-7.3739
662	-0.91	0.0726	0.2575	-5.5146
663	-0.97	0.0348	0.166	-4.7823
664	0.62	0.0107	0.0737	-3.5619
665	-0.8	0.2149	0.491	-6.5192
666	-0.13	0.578	0.7777	-7.254
667	-0.13	0.6238	0.8061	-7.2952
668	-0.47	0.0176	0.1052	-4.0831
669	-0.01	0.9167	0.9621	-7.4327
670	-0.17	0.7868	0.8927	-7.3954
671	0.25	0.6214	0.8043	-7.2932
672	-0.88	0.0106	0.0735	-3.5503
673	0.03	0.7557	0.8751	-7.3813
674	0.24	0.1906	0.4614	-6.4149
675	0.31	0.3752	0.6314	-6.9685
676	0.49	0.1471	0.4023	-6.1829
677	-0.08	0.4121	0.661	-7.0364
678	-0.88	0.0203	0.116	-4.2323
679	-0.48	0.0505	0.2087	-5.1561
680	-2.25	0.0021	0.0275	-1.8231
681	-2.3	0.0052	0.0463	-2.8041
682	-2.08	0.0016	0.0245	-1.5557
683	-0.4	0.2222	0.5003	-6.5477
684	-0.31	0.2225	0.5007	-6.5489
685	-1.72	0.0007	0.0146	-0.3916
686	0.08	0.377	0.6331	-6.972
687	-0.23	0.2026	0.4773	-6.4682
688	-0.26	0.3864	0.6406	-6.9901
689	-0.12	0.1547	0.4123	-6.2282
690	1.13	0.0212	0.1192	-4.2733
691	0.37	0.3544	0.6153	-6.9259
692	0.07	0.416	0.6638	-7.0432
693	0.03	0.765	0.882	-7.3858
694	0.38	0.4312	0.6762	-7.0683
695	-0.32	0.3412	0.6064	-6.897
696	0.54	0.4161	0.6638	-7.0433
697	0.36	0.5352	0.7488	-7.209
698	0.9	0.0077	0.0592	-3.2118
699	0.06	0.5868	0.781	-7.2624
700	-0.05	0.7112	0.8518	-7.3572
701	5.12	0	0	12.6445
702	0.78	0.0155	0.0972	-3.9508
703	0.89	0.0113	0.0766	-3.6236
704	0.83	0.0345	0.1658	-4.7733
705	2.58	0	0.0002	5.8218
706	-0.21	0.2417	0.5203	-6.6191
707	-0.17	0.4854	0.7173	-7.1478
708	-1.12	0.0379	0.1742	-4.8677
709	-0.49	0.0346	0.1659	-4.7774
710	-0.27	0.5811	0.7785	-7.2569
711	0.05	0.7929	0.8954	-7.398
712	-0.22	0.4225	0.6695	-6.9675
713	-0.16	0.1015	0.3168	-5.8367
714	-0.31	0.0196	0.1136	-4.1921
715	-0.17	0.2653	0.5407	-6.6968
716	0.44	0.2237	0.5016	-6.5538
717	0.13	0.6992	0.8476	-7.3498
718	0.74	0.0933	0.2989	-5.7565
719	0.11	0.7438	0.8694	-7.3753
720	-0.06	0.7835	0.8908	-7.3941
721	-0.48	0.244	0.5218	-6.6271
722	0.2	0.5445	0.7528	-7.2193
723	0.31	0.0125	0.0809	-3.7226
724	0.33	0.0398	0.18	-4.9182
725	0.31	0.0082	0.0611	-3.2784
726	-0.39	0.2066	0.4804	-6.485
727	-0.27	0.4349	0.68	-7.0743
728	-0.14	0.7763	0.8866	-7.3909
729	0	0.9982	0.9988	-7.4393
730	0.22	0.0637	0.2382	-5.3861
731	0.07	0.5196	0.7396	-7.191
732	0	0.9621	0.9827	-7.4379
733	-0.06	0.5036	0.7279	-7.1714
734	-0.02	0.8591	0.9327	-7.4204
735	-0.05	0.5409	0.7517	-7.2154
736	-0.47	0.0548	0.2174	-5.2373
737	-0.56	0.0582	0.2263	-5.2981
738	-0.02	0.8203	0.9086	-7.4084
739	-0.5	0.1697	0.4323	-6.3116
740	-0.14	0.4965	0.7237	-7.1624
741	0.62	0.0581	0.2262	-5.2963
742	0.71	0.051	0.2103	-5.1676
743	0.32	0.1298	0.3731	-6.0678
744	-0.05	0.5535	0.7589	-7.229
745	0.13	0.5235	0.7415	-7.1956
746	-0.05	0.5748	0.7753	-7.2508
747	-0.39	0.4545	0.6915	-7.1043
748	0.02	0.8167	0.9065	-7.4071
749	0.22	0.047	0.2002	-5.0862
750	-0.44	0.3084	0.5803	-6.8184
751	0	0.9874	0.9943	-7.4391
752	0.5	0.025	0.1362	-4.4435
753	-0.85	0.0293	0.15	-4.6089
754	-0.41	0.1115	0.3381	-5.926
755	-0.75	0.0201	0.1151	-4.2183
756	-0.7	0.0027	0.0322	-2.0869
757	0.05	0.5746	0.7753	-7.2506
758	-0.04	0.677	0.8358	-7.3354
759	-0.03	0.7301	0.8623	-7.368
760	-0.21	0.1931	0.4652	-6.4264
761	-0.29	0.2866	0.5603	-6.7597
762	-0.35	0.1855	0.4566	-6.3908
763	-0.47	0.2733	0.5498	-6.7212
764	-0.46	0.1742	0.4409	-6.3351
765	-1.82	0.0035	0.0378	-2.3878
766	-1.55	0.004	0.0394	-2.3315
767	-0.94	0.0167	0.1016	-4.0306
768	-0.58	0.1187	0.3523	-5.9842
769	-0.34	0.4525	0.69	-7.1014
770	-0.49	0.2046	0.4793	-6.4765
771	0	0.9906	0.9944	-7.4392
772	0.09	0.4036	0.6538	-7.0217
773	0.4	0.1462	0.4023	-6.177
774	0.04	0.6814	0.8376	-7.3383
775	0.05	0.5969	0.7888	-7.2717
776	-0.01	0.9258	0.9663	-7.4341
777	-0.02	0.8451	0.9246	-7.4164
778	0.03	0.7996	0.8995	-7.4007
779	0.01	0.9104	0.9577	-7.4317
780	0.02	0.7745	0.8858	-7.3901
781	0.03	0.7319	0.8638	-7.369
782	-0.68	0.0017	0.0254	-1.6108
783	-0.34	0.1603	0.42	-6.2606
784	0.47	0.079	0.269	-5.5962
785	-1.01	0.0158	0.0976	-3.9684
786	-0.02	0.7803	0.8901	-7.3927
787	-1.04	0.0058	0.0495	-2.9178
788	-1.28	0.0036	0.0378	-1.5296
789	-0.4	0.0788	0.269	-5.5944
790	-1.71	0.0005	0.0123	-0.3071
791	-0.7	0.0101	0.0708	-3.5033
792	0.5	0.0268	0.1416	-4.5146
793	-0.74	0.0686	0.2486	-5.4597
794	0.03	0.7333	0.8638	-7.3697
795	-0.74	0.2297	0.5096	-6.5762
796	-0.57	0.3457	0.6094	-6.9071
797	-0.13	0.4821	0.7151	-7.1435
798	0.01	0.9551	0.9797	-7.4374
799	0.22	0.2991	0.5741	-6.794
800	1.35	0.002	0.0272	-1.7865
801	0.28	0.4034	0.6538	-7.0212
802	0.44	0.0529	0.2128	-5.2021
803	-0.6	0.0178	0.106	-4.0964
804	-0.13	0.7894	0.8946	-7.3965
805	0.08	0.845	0.9246	-7.4164
806	0.01	0.9811	0.992	-7.4389
807	-0.1	0.8705	0.9389	-7.4234
808	-0.02	0.828	0.9131	-7.411
809	-0.04	0.6776	0.8358	-7.3357
810	-0.04	0.6654	0.8305	-7.3273
811	0.07	0.5748	0.7753	-7.2508
812	-0.01	0.8682	0.938	-7.4228
813	0	0.9889	0.9943	-7.4392
814	-0.04	0.6443	0.8162	-7.3116
815	-0.05	0.6711	0.8325	-7.3312
816	0.01	0.9134	0.9595	-7.4322
817	0.04	0.7043	0.8487	-7.353
818	-0.12	0.1838	0.4547	-6.383
819	0.02	0.8308	0.9149	-7.4119
820	-0.06	0.6718	0.8325	-7.3318
821	0.37	0.2594	0.5366	-6.6782
822	-0.04	0.885	0.9457	-7.4267
823	0.2	0.5331	0.7472	-7.2066
824	0.02	0.8061	0.9017	-7.4032
825	-0.06	0.5277	0.7444	-7.2004
826	0.03	0.8567	0.9319	-7.4197
827	0.07	0.4769	0.7113	-7.1364
828	-0.05	0.7398	0.8669	-7.3732
829	-0.03	0.7281	0.8605	-7.3669
830	0.29	0.5664	0.7716	-7.2424
831	0.38	0.1934	0.4652	-6.4276
832	0.29	0.5404	0.7517	-7.2148
833	0.18	0.6773	0.8358	-7.3356
834	0.41	0.4762	0.711	-7.1354
835	0.26	0.3682	0.6274	-6.9545
836	0.18	0.6546	0.8226	-7.3194
837	0.38	0.3031	0.5765	-6.8047
838	0.41	0.2424	0.5209	-6.6216
839	0.04	0.6416	0.816	-7.3095
840	-0.03	0.7427	0.8687	-7.3747
841	-0.25	0.0392	0.1782	-4.9023
842	-0.03	0.7434	0.8691	-7.3751
843	-0.04	0.7522	0.8736	-7.3795
844	-0.18	0.1606	0.4201	-6.2625
845	-0.2	0.141	0.3924	-6.1437
846	-0.15	0.2239	0.5016	-6.5542
847	-0.13	0.3753	0.6314	-6.9688
848	-2.27	0.0032	0.0356	-2.2928
849	-2.11	0	0.0002	6.1641
850	-2.37	0	0	10.5052
851	-0.27	0.7703	0.8835	-7.3882
852	0.14	0.5313	0.7461	-7.2046
853	-0.06	0.4981	0.724	-7.1644
854	0.63	0.0071	0.0558	-3.1262
855	-0.39	0.1959	0.4683	-6.4388
856	-0.52	0.0263	0.1407	-4.4968
857	-0.4	0.1195	0.3539	-5.9911
858	-1.12	0.0008	0.0159	-0.785
859	-3.47	0	0.0003	5.5012
860	-0.92	0.0051	0.0455	-2.7739
861	-0.32	0.2741	0.5503	-6.7236
862	-0.15	0.3794	0.6353	-6.9767
863	-0.14	0.7487	0.8725	-7.3778
864	-0.24	0.3316	0.6014	-6.8751
865	0.13	0.4715	0.7059	-7.1288
866	0.1	0.8819	0.945	-7.4261
867	0.18	0.8079	0.902	-7.4039
868	-0.01	0.9423	0.973	-7.4361
869	0.22	0.3685	0.6274	-6.9551
870	-1.31	0.0056	0.0479	-2.8722
871	-0.06	0.5172	0.7391	-7.1881
872	0.57	0.0064	0.0524	-3.022
873	0.07	0.3924	0.6434	-7.0014
874	0.09	0.3721	0.6297	-6.9625
875	0.01	0.9561	0.9804	-7.4375
876	-0.21	0.0436	0.1887	-5.0097
877	-0.03	0.8048	0.9017	-7.4027
878	-0.51	0.0584	0.2265	-5.3015
879	-2.03	0.0016	0.0245	-1.3479
880	0.24	0.1646	0.4254	-6.2847
881	0.23	0.3539	0.6148	-6.9249
882	-0.88	0.1491	0.4045	-6.195
883	-1.61	0.0027	0.0324	-2.1004
884	1.06	0.0651	0.2415	-5.4074
885	0.4	0.187	0.4583	-6.3982
886	0.21	0.5713	0.7735	-7.2473
887	0.05	0.5783	0.7777	-7.2542
888	-0.6	0.033	0.1621	-4.7288
889	-0.66	0.03	0.1523	-4.6313
890	-0.69	0.023	0.1277	-4.3591
891	-1.98	0.0007	0.0149	-0.6458
892	-0.02	0.8269	0.9131	-7.4106
893	-0.04	0.6467	0.8176	-7.3135
894	0.04	0.698	0.8476	-7.3491
895	-0.01	0.9296	0.9671	-7.4346
896	0.04	0.6694	0.8325	-7.3301
897	-0.04	0.7529	0.8739	-7.3799
898	0.2	0.0513	0.2108	-5.1718
899	-0.03	0.8589	0.9327	-7.4204
900	-0.65	0.029	0.1491	-4.5962
901	-0.02	0.828	0.9131	-7.411
902	-0.04	0.626	0.8079	-7.297
903	-0.04	0.6712	0.8325	-7.3313
904	-0.27	0.5275	0.7444	-7.2003
905	-0.24	0.5737	0.7748	-7.2497
906	-0.23	0.5413	0.7517	-7.2158
907	-0.32	0.4409	0.6841	-7.0836
908	-0.32	0.3667	0.6264	-6.9516
909	-0.16	0.6422	0.8162	-7.31
910	-0.03	0.7268	0.8603	-7.3662
911	-0.03	0.7499	0.8732	-7.3784
912	0.04	0.702	0.8483	-7.3516
913	0.01	0.9195	0.9631	-7.4332
914	0.59	0.3351	0.6018	-6.8831
915	0.29	0.492	0.7202	-7.1566
916	0.95	0.0009	0.0169	-0.87
917	1.63	0.0001	0.0028	1.8618
918	1.38	0.0001	0.0031	1.7387
919	1.43	0.0001	0.0026	2.0354
920	1.49	0	0.0018	2.7309
921	0.44	0.0201	0.1151	-4.2184
922	1.21	0.0008	0.0157	-0.7403
923	1.4	0	0.0013	3.3025
924	-1.23	0.0748	0.261	-5.543
925	-0.24	0.1036	0.3207	-5.8567
926	0.07	0.4824	0.7151	-7.1438
927	-0.02	0.9282	0.9666	-7.4344
928	-0.07	0.5031	0.7276	-7.1708
929	0.07	0.5861	0.7808	-7.2618
930	0	0.9947	0.9966	-7.4393
931	0.42	0.2502	0.5277	-6.6483
932	0.54	0.2077	0.4808	-6.4897
933	0.19	0.465	0.7008	-7.1196
934	-0.46	0.389	0.6414	-6.9951
935	0.25	0.4836	0.7162	-7.1454
936	-0.01	0.9838	0.9933	-7.439
937	0.38	0.3512	0.6122	-6.9191
938	0.65	0.0006	0.0133	-0.4689
939	1.39	0.0002	0.0064	0.5849
940	-0.06	0.7705	0.8835	-7.3883
941	-0.09	0.3464	0.6097	-6.9085
942	-0.61	0.2386	0.5166	-6.6083
943	-0.42	0.3774	0.6333	-6.9729
944	0.1	0.2627	0.5399	-6.6887
945	-0.04	0.6917	0.8455	-7.3451
946	0.02	0.8963	0.9496	-7.4291
947	0.07	0.4228	0.6695	-7.0546
948	-0.02	0.9062	0.9551	-7.431
949	-0.04	0.7941	0.8954	-7.3985
950	-0.12	0.4452	0.6854	-7.0903
951	0.09	0.4995	0.7249	-7.1662
952	-0.11	0.6877	0.8426	-7.3425
953	-0.57	0.1649	0.4254	-6.2859
954	0.02	0.8907	0.948	-7.428
955	-0.05	0.5567	0.763	-7.2324
956	-0.03	0.8022	0.8998	-7.4017
957	-0.03	0.7213	0.858	-7.3631
958	-0.04	0.7621	0.8808	-7.3844
959	0.01	0.9216	0.9636	-7.4335
960	0.12	0.2657	0.5407	-6.6979
961	-0.16	0.5412	0.7517	-7.2157
962	-0.01	0.9528	0.9783	-7.4372
963	-1.02	0.0819	0.276	-5.6316
964	-1.01	0.0092	0.0659	-3.4081
965	-0.81	0.0246	0.1345	-4.4271
966	-1.6	0.0044	0.0423	-2.6218
967	-0.06	0.4939	0.7214	-7.1591
968	0.69	0.0518	0.2119	-5.1819
969	0.06	0.8796	0.9436	-7.4255
970	0.22	0.6103	0.7975	-7.2837
971	0.53	0.0312	0.1561	-4.672
972	0.58	0.0757	0.2632	-5.5551
973	0.1	0.3307	0.6009	-6.8729
974	-0.02	0.8641	0.9358	-7.4217
975	-0.38	0.0789	0.269	-5.5952
976	0.7	0.0094	0.0666	-3.4253
977	0.73	0.0376	0.1736	-4.7218
978	0.81	0.0253	0.1374	-4.4593
979	0.87	0.0274	0.1439	-4.5381
980	0.86	0.0032	0.0356	-2.2819
981	-0.14	0.2161	0.4927	-6.524
982	-0.65	0.237	0.5154	-6.6028
983	-0.46	0.1382	0.3879	-6.1254
984	-0.59	0.0643	0.24	-5.3966
985	0.77	0.0039	0.0393	-2.5048
986	0.14	0.6699	0.8325	-7.3304
987	0.25	0.3752	0.6314	-6.9686
988	0.71	0.0867	0.2868	-5.687
989	-0.5	0.0331	0.1621	-4.7322
990	-1.27	0.0078	0.0597	-3.2306
991	0.14	0.1643	0.4252	-6.2828
992	-0.84	0.0493	0.2063	-5.132
993	-1.06	0.002	0.0272	-1.785
994	-0.48	0.0523	0.2119	-5.1916
995	0.19	0.5188	0.7396	-7.1899
996	0.53	0.0009	0.0173	-0.9166
997	0.82	0.0089	0.065	-3.3733
998	0.87	0.0015	0.0237	-1.4844
999	-0.03	0.7381	0.8667	-7.3723
1000	0.01	0.9454	0.9742	-7.4365
1001	0.03	0.7094	0.8513	-7.3561
1002	-0.03	0.7212	0.858	-7.363
1003	-0.04	0.6451	0.8162	-7.3122
1004	-0.46	0.1447	0.4001	-6.1676
1005	0.17	0.0893	0.2909	-5.7148
1006	0.1	0.3831	0.638	-6.9839
1007	-0.3	0.258	0.5355	-6.6737
1008	-0.33	0.1552	0.413	-6.2311
1009	-0.26	0.6059	0.7939	-7.2799
1010	-0.51	0.2479	0.5267	-6.6403
1011	-0.02	0.8726	0.9409	-7.4239
1012	-0.76	0.0732	0.2586	-5.5227
1013	-0.81	0.004	0.0394	-2.5211
1014	0.03	0.6957	0.8476	-7.3477
1015	0.12	0.291	0.5656	-6.772
1016	0.17	0.2504	0.5277	-6.6489
1017	-0.02	0.8422	0.9233	-7.4156
1018	-2.49	0.0001	0.0042	1.2497
1019	-1.17	0.0037	0.0383	-2.429
1020	-0.3	0.1651	0.4254	-6.287
1021	0.02	0.823	0.9104	-7.4093
1022	0.07	0.645	0.8162	-7.3121
1023	0.05	0.6711	0.8325	-7.3312
1024	-0.04	0.6252	0.8073	-7.2964
1025	0.02	0.832	0.9152	-7.4123
1026	0.04	0.6981	0.8476	-7.3491
1027	-0.09	0.3469	0.6097	-6.9097
1028	-0.02	0.8746	0.942	-7.4244
1029	0.28	0.4918	0.7202	-7.1563
1030	0.11	0.672	0.8325	-7.3319
1031	0.46	0.1522	0.408	-6.2137
1032	0.19	0.0801	0.2722	-5.6106
1033	0.05	0.5397	0.7517	-7.214
1034	0.28	0.0776	0.2671	-5.5788
1035	0.12	0.2722	0.549	-6.718
1036	0.25	0.2596	0.5366	-6.6789
1037	-1.08	0.0008	0.0168	-0.853
1038	0.07	0.5406	0.7517	-7.2151
1039	-0.06	0.4893	0.7196	-7.153
1040	-0.03	0.7768	0.8868	-7.3911
1041	-0.01	0.948	0.9753	-7.4367
1042	0.01	0.9315	0.9678	-7.4349
1043	-0.11	0.3814	0.6369	-6.9807
1044	0.42	0.2849	0.5592	-6.7549
1045	-0.1	0.5926	0.7852	-7.2678
1046	0.02	0.8107	0.9023	-7.4049
1047	-0.74	0.1849	0.456	-6.3881
1048	0	0.9991	0.9993	-7.4393
1049	0.06	0.7442	0.8694	-7.3755
1050	0.86	0.0592	0.2287	-5.3147
1051	4.45	0	0	13.7249
1052	1.53	0.0011	0.0203	-1.163
1053	-0.05	0.8079	0.902	-7.4039
1054	-1.57	0.0012	0.0206	-1.1905
1055	-2.95	0	0.0001	6.6433
1056	0.41	0.2389	0.517	-6.6096
1057	0.02	0.8674	0.938	-7.4226
1058	0.11	0.6245	0.8066	-7.2958
1059	-0.11	0.3858	0.6406	-6.989
1060	0.54	0.0264	0.1407	-4.4993
1061	-0.08	0.3401	0.6061	-6.8945
1062	0.22	0.4225	0.6695	-7.0542
1063	0.01	0.931	0.9677	-7.4348
1064	0.39	0.0979	0.3096	-5.8026
1065	1.03	0.0008	0.0158	-0.77
1066	0.9	0.0288	0.1485	-4.5895
1067	-0.08	0.7082	0.8511	-7.3554
1068	0.81	0.0063	0.0519	-3.0023
1069	0.88	0.0309	0.1556	-4.6628
1070	1.33	0.0072	0.0568	-3.152
1071	0.3	0.1096	0.3333	-5.9098
1072	0.3	0.5062	0.7307	-6.957
1073	0.71	0.0013	0.0221	-1.1485
1074	-0.56	0.1293	0.3724	-6.0637
1075	-0.08	0.4384	0.6814	-7.0798
1076	0.02	0.8565	0.9319	-7.4197
1077	0.37	0.2062	0.4804	-6.4837
1078	0.55	0.0905	0.2933	-5.7275
1079	-0.09	0.5772	0.7771	-7.2531
1080	0.69	0.0092	0.0659	-3.4098
1081	0.49	0.0502	0.2085	-5.1513
1082	-0.41	0.2998	0.5747	-6.7958
1083	0.01	0.945	0.9741	-7.4364
1084	-0.05	0.7032	0.8487	-7.3523
1085	0.1	0.2615	0.5391	-6.6849
1086	0.13	0.2463	0.5252	-6.6352
1087	-0.01	0.8973	0.9496	-7.4293
1088	-0.07	0.4245	0.6706	-7.0573
1089	0.54	0.1023	0.3186	-5.8449
1090	0.08	0.7471	0.8715	-7.377
1091	-0.05	0.5716	0.7737	-7.2477
1092	0.03	0.7664	0.8824	-7.3864
1093	0.34	0.1755	0.4422	-6.3419
1094	-0.52	0.2527	0.5278	-6.6564
1095	-0.14	0.1636	0.4239	-6.2787
1096	-0.85	0.0435	0.1884	-5.0066
1097	-1.28	0.0258	0.1391	-4.4771
1098	-0.43	0.0778	0.2671	-5.5818
1099	0.18	0.1796	0.4486	-6.3625
1100	0.55	0.1824	0.4521	-6.3759
1101	-0.22	0.645	0.8162	-7.2321
1102	0.44	0.0672	0.2456	-5.4389
1103	0.33	0.2025	0.4773	-6.4679
1104	0.02	0.8284	0.9132	-7.4111
1105	-0.04	0.6916	0.8455	-7.345
1106	-0.17	0.4699	0.7047	-7.1265
1107	0.04	0.8752	0.942	-7.4245
1108	0.18	0.5652	0.7703	-7.2412
1109	0.08	0.3745	0.6313	-6.9672
1110	-0.18	0.5425	0.7523	-7.2171
1111	0.17	0.1498	0.4053	-6.1991
1112	-1.11	0.004	0.0394	-2.5167
1113	-0.82	0.0414	0.1835	-4.8211
1114	-0.05	0.6013	0.7908	-7.2757
1115	0.2	0.5753	0.7753	-7.2513
1116	-0.21	0.473	0.7078	-7.1309
1117	-0.17	0.3858	0.6406	-6.9889
1118	-0.25	0.2749	0.5509	-6.726
1119	0.25	0.2076	0.4808	-6.4894
1120	-0.68	0.051	0.2103	-5.1657
1121	1.18	0.0062	0.0518	-2.9914
1122	-0.02	0.968	0.9848	-7.4383
1123	-0.53	0.1372	0.3858	-6.1187
1124	0.35	0.1316	0.3767	-6.08
1125	0.52	0.1677	0.4301	-6.3012
1126	-0.05	0.6001	0.7908	-7.2747
1127	-0.08	0.4912	0.7202	-7.1555
1128	0.19	0.2354	0.5138	-6.5968
1129	0.29	0.0176	0.1052	-4.0846
1130	0.27	0.1862	0.4574	-6.3944
1131	-1.34	0.0001	0.0042	1.2252
1132	-0.92	0.0014	0.0234	-1.4321
1133	0.11	0.6762	0.8358	-7.3348
1134	0.15	0.2795	0.5573	-6.7395
1135	-0.05	0.7104	0.8513	-7.3567
1136	-0.29	0.3859	0.6406	-6.9893
1137	0.35	0.4226	0.6695	-7.0542
1138	-0.44	0.1343	0.3808	-6.0989
1139	-1.43	0.0017	0.0254	-1.616
1140	-0.01	0.9367	0.9694	-7.4355
1141	-0.19	0.2236	0.5016	-6.5534
1142	0.07	0.4529	0.69	-7.102
1143	0.1	0.4213	0.6695	-7.0521
1144	0.06	0.7104	0.8513	-7.3567
1145	-0.67	0.0121	0.0797	-3.6948
1146	0.7	0.0348	0.166	-4.7822
1147	-1	0.0047	0.0435	-2.6828
1148	-0.07	0.6074	0.7951	-7.2812
1149	-0.12	0.4764	0.711	-7.1356
1150	-0.02	0.9045	0.954	-7.4307
1151	0.28	0.2089	0.4819	-6.4948
1152	0.01	0.8972	0.9496	-7.4293
1153	-0.04	0.6842	0.8407	-7.3402
1154	-0.28	0.1938	0.4653	-6.4293
1155	-2.79	0	0.0007	4.1085
1156	0.2	0.1499	0.4053	-6.1999
1157	0.52	0.0616	0.2337	-5.3543
1158	0.36	0.1583	0.4169	-6.2494
1159	0.57	0.1343	0.3808	-6.0992
1160	0.15	0.6368	0.8132	-7.3057
1161	0.37	0.4293	0.6749	-7.0653
1162	-0.06	0.5018	0.7267	-7.1691
1163	-1.04	0.0011	0.0199	-1.1356
1164	0	0.9974	0.9983	-7.4393
1165	-0.21	0.5936	0.7855	-7.2687
1166	-1.03	0.0195	0.1136	-4.1913
1167	-0.39	0.064	0.2389	-5.3908
1168	0.43	0.1681	0.4301	-6.3035
1169	-0.38	0.1977	0.4712	-6.4468
1170	0.2	0.4861	0.7179	-7.1488
1171	-0.1	0.2707	0.5463	-6.7135
1172	0.11	0.3325	0.6016	-6.8771
1173	-0.18	0.7233	0.8586	-7.3642
1174	-0.28	0.3569	0.6177	-6.9312
1175	0.17	0.2565	0.5337	-6.669
1176	-0.01	0.9203	0.9631	-7.4333
1177	0.07	0.4433	0.6851	-7.0873
1178	-0.07	0.5338	0.7476	-7.2074
1179	-3.07	0.0001	0.0028	1.9007
1180	-0.9	0.084	0.2808	-5.6556
1181	0.63	0.0225	0.1251	-4.336
1182	0.66	0.0022	0.0282	-1.8717
1183	0.87	0.0413	0.1833	-4.955
1184	-0.08	0.6478	0.8178	-7.3143
1185	0.3	0.6518	0.8201	-7.3173
1186	0.35	0.0805	0.273	-5.6153
1187	0.6	0.0299	0.1521	-4.6284
1188	0.72	0.0074	0.0572	-3.1681
1189	0.21	0.3788	0.6352	-6.9757
1190	1.22	0.0258	0.1391	-4.1152
1191	0	0.984	0.9933	-7.439
1192	-2.66	0.0027	0.0324	-1.643
1193	0.07	0.7501	0.8732	-7.3785
1194	0.58	0.3556	0.617	-6.9285
1195	0	0.9682	0.9848	-7.4383
1196	0.35	0.3446	0.6087	-6.9047
1197	0	0.9895	0.9943	-7.4392
1198	-0.14	0.3867	0.6406	-6.9908
1199	0.01	0.9417	0.9729	-7.4361
1200	-0.02	0.7916	0.8954	-7.3975
1201	-1.36	0.0037	0.0384	-2.2563
1202	0.22	0.4482	0.6867	-7.0094
1203	0.11	0.6206	0.8043	-7.2925
1204	-1.52	0.0178	0.1058	-4.0932
1205	0.14	0.1957	0.4683	-6.4381
1206	-0.07	0.4773	0.7116	-7.1369
1207	-0.06	0.5976	0.7891	-7.2724
1208	0.49	0.0104	0.0728	-3.5385
1209	0.65	0.0082	0.0613	-3.2867
1210	0.11	0.2577	0.5355	-6.6728
1211	2.35	0.0023	0.0295	-1.9334
1212	0.28	0.3558	0.6171	-6.929
1213	-0.15	0.7146	0.8537	-7.3592
1214	-0.11	0.488	0.7194	-7.1513
1215	-0.04	0.7232	0.8586	-7.3641
1216	0.04	0.6231	0.8055	-7.2946
1217	0.48	0.0425	0.1858	-4.9845
1218	-0.82	0.0094	0.0667	-3.4292
1219	0.03	0.7566	0.8758	-7.3817
1220	0.27	0.3513	0.6122	-6.9193
1221	0.28	0.1773	0.4446	-6.351
1222	-0.16	0.6044	0.7925	-7.2786
1223	0.16	0.1481	0.4043	-6.1891
1224	0.08	0.522	0.7408	-7.1938
1225	-0.19	0.7044	0.8487	-7.353
1226	-2.31	0.0037	0.0384	-2.4448
1227	-0.55	0.0608	0.2323	-5.3409
1228	-0.52	0.0474	0.2012	-5.0941
1229	-0.51	0.1082	0.3298	-5.8972
1230	0.23	0.2542	0.5303	-6.6614
1231	0.47	0.1856	0.4566	-6.3912
1232	0.71	0.0331	0.1621	-4.7318
1233	0.27	0.3468	0.6097	-6.9094
1234	1.16	0.006	0.0507	-2.9457
1235	0.43	0.0251	0.1366	-4.4501
1236	-0.57	0.2828	0.5589	-6.7488
1237	0.5	0.067	0.2454	-5.4369
1238	0.24	0.3228	0.5952	-6.8542
1239	0.33	0.5823	0.7787	-7.2581
1240	0.4	0.2475	0.5264	-6.639
1241	-0.01	0.8799	0.9436	-7.4256
1242	3.2	0	0	9.3678
1243	0.75	0.0044	0.0423	-2.4455
1244	0.03	0.8418	0.9233	-7.4154
1245	-0.3	0.194	0.4653	-6.4302
1246	-0.5	0.25	0.5277	-6.6475
1247	-1.02	0.1505	0.4056	-6.2037
1248	2.16	0.0005	0.0124	-0.3397
1249	0	0.9745	0.9877	-7.4387
1250	0.04	0.8291	0.9137	-7.4114
1251	-0.35	0.323	0.5952	-6.8547
1252	-0.05	0.575	0.7753	-7.251
1253	2.67	0	0.0014	3.1248
1254	0.03	0.7935	0.8954	-7.3982
1255	0.08	0.5101	0.7326	-7.1795
1256	-0.1	0.3333	0.6016	-6.879
1257	0.09	0.6406	0.8151	-7.3088
1258	0.16	0.1615	0.4214	-6.2674
1259	-0.05	0.5678	0.7721	-7.2438
1260	1.19	0.0031	0.0349	-2.2409
1261	0.09	0.3711	0.6286	-6.9604
1262	0.33	0.1274	0.3685	-6.0505
1263	0	0.9904	0.9944	-7.4392
1264	0.08	0.4432	0.6851	-7.0872
1265	0.18	0.3426	0.6074	-6.9002
1266	-0.06	0.5927	0.7852	-7.2679
1267	-0.41	0.095	0.3035	-5.7743
1268	0.13	0.2656	0.5407	-6.6977
1269	-0.35	0.2881	0.5622	-6.7639
1270	0.02	0.8056	0.9017	-7.403
1271	-0.13	0.3919	0.6434	-7.0004
1272	-0.01	0.9594	0.9819	-7.4377
1273	-1.64	0.0154	0.0971	-3.9446
1274	-0.22	0.1445	0.3998	-6.1661
1275	-0.16	0.3868	0.6406	-6.991
1276	-0.73	0.0311	0.1561	-4.6699
1277	-0.4	0.1361	0.3843	-6.1114
1278	-0.23	0.3117	0.5817	-6.8268
1279	-0.68	0.0264	0.1407	-4.4999
1280	0.06	0.6383	0.8141	-7.307
1281	-0.13	0.3658	0.6264	-6.9497
1282	0.1	0.4247	0.6706	-7.0577
1283	-1	0.0699	0.2516	-5.477
1284	-1.37	0.0482	0.2033	-5.1114
1285	-0.11	0.7537	0.874	-7.3803
1286	-0.49	0.0208	0.118	-4.2577
1287	-2.93	0	0.0001	8.0064
1288	-0.37	0.3775	0.6333	-6.973
1289	0	0.9711	0.9859	-7.4385
1290	0.05	0.6537	0.8217	-7.3187
1291	0.27	0.1818	0.4513	-6.3733
1292	-0.03	0.9001	0.9516	-7.4298
1293	-2.46	0.0003	0.0088	0.1287
1294	0.16	0.4784	0.7122	-7.1384
1295	-1.09	0.0003	0.0078	0.3064
1296	-0.58	0.0584	0.2265	-5.3005
1297	0.14	0.7352	0.8657	-7.3708
1298	-0.3	0.1459	0.4023	-6.175
1299	-0.05	0.6127	0.7994	-7.2858
1300	-1.65	0.0038	0.039	-2.029
1301	0.29	0.1582	0.4169	-6.2489
1302	-0.2	0.559	0.765	-7.2348
1303	-0.1	0.7417	0.8681	-7.3742
1304	-0.7	0.1201	0.3548	-5.9952
1305	0.37	0.1898	0.4605	-6.4113
1306	0.11	0.2353	0.5138	-6.5965
1307	-0.05	0.687	0.8421	-7.3421
1308	-0.89	0.0061	0.0514	-2.9762
1309	0.23	0.1263	0.3655	-6.042
1310	-0.01	0.9725	0.9866	-7.4386
1311	-0.14	0.2029	0.4773	-6.4695
1312	0.08	0.3795	0.6353	-6.9769
1313	0.07	0.4925	0.7205	-7.1571
1314	0.39	0.1897	0.4605	-6.4107
1315	0.15	0.4161	0.6638	-7.0433
1316	0.29	0.1819	0.4513	-6.3734
1317	0.36	0.2078	0.4808	-6.4904
1318	3.28	0	0.0013	3.5053
1319	0.54	0.0193	0.1128	-4.1771
1320	0.53	0.0498	0.2072	-5.1434
1321	0.51	0.0636	0.2382	-5.385
1322	0.93	0.0033	0.0361	-2.3147
1323	0.58	0.0693	0.2501	-5.469
1324	-0.68	0.0293	0.15	-4.6074
1325	-0.49	0.264	0.5407	-6.6926
1326	0.34	0.1517	0.4068	-6.2104
1327	0.55	0.0256	0.1385	-4.471
1328	0.43	0.1966	0.4694	-6.442
1329	0.37	0.2321	0.511	-6.5851
1330	0.01	0.9421	0.973	-7.4361
1331	0.37	0.0391	0.1781	-4.9003
1332	0.5	0.0118	0.0789	-3.6682
1333	0.54	0.3709	0.6286	-6.96
1334	0.15	0.2806	0.5574	-6.7426
1335	-0.17	0.4284	0.6742	-7.0638
1336	0.29	0.3078	0.5797	-6.8168
1337	-0.02	0.9144	0.9602	-7.4324
1338	0.23	0.3966	0.6461	-7.0092
1339	-0.92	0.0775	0.2671	-5.5781
1340	0.25	0.2849	0.5592	-6.7551
1341	0.79	0.022	0.1233	-4.3157
1342	0.08	0.4303	0.6754	-7.0669
1343	-0.04	0.6773	0.8358	-7.2561
1344	2.67	0.0035	0.0378	-1.5197
1345	0.06	0.8864	0.9466	-7.427
1346	-0.45	0.186	0.4573	-6.2906
1347	-2.58	0.0001	0.0027	2.4861
1348	-0.07	0.6228	0.8055	-7.2944
1349	0.39	0.2294	0.5094	-6.575
1350	0.24	0.3911	0.6431	-6.9989
1351	0.06	0.6309	0.8116	-7.301
1352	-0.41	0.1186	0.3523	-5.9838
1353	0.15	0.2928	0.5671	-6.7769
1354	0.36	0.225	0.5031	-6.5586
1355	0.1	0.6976	0.8476	-7.3488
1356	0.07	0.7632	0.8816	-7.3849
1357	-0.06	0.8845	0.9455	-7.4266
1358	0.16	0.5412	0.7517	-7.2157
1359	0.01	0.9584	0.9815	-7.4377
1360	-0.33	0.1783	0.4461	-6.3561
1361	0.39	0.0341	0.1648	-4.763
1362	-0.07	0.5676	0.7721	-7.2436
1363	-1.21	0.0079	0.0599	-3.2431
1364	-0.92	0.0048	0.044	-2.7059
1365	0.4	0.0885	0.2888	-5.7058
1366	-0.54	0.0781	0.2674	-5.5851
1367	-1.35	0.0069	0.0547	-3.096
1368	0.12	0.7668	0.8824	-7.3866
1369	0.01	0.9402	0.9717	-7.4359
1370	0.38	0.2044	0.4793	-6.4757
1371	0.09	0.7637	0.8818	-7.3852
1372	0.8	0.0021	0.0275	-1.8207
1373	-0.23	0.4575	0.6926	-7.1088
1374	0.08	0.5936	0.7855	-7.2687
1375	-0.53	0.0012	0.0211	-1.2664
1376	-2.66	0	0.0013	3.2385
1377	0.05	0.6846	0.8408	-7.3404
1378	-0.24	0.4489	0.6871	-7.0959
1379	-0.09	0.7913	0.8954	-7.3973
1380	-0.37	0.1245	0.3629	-6.0293
1381	0.04	0.8968	0.9496	-7.4292
1382	-0.03	0.893	0.9495	-7.4284
1383	-0.1	0.6998	0.8476	-7.3502
1384	0.27	0.3221	0.5952	-6.8525
1385	0.21	0.1408	0.3924	-6.1427
1386	0.04	0.6607	0.8271	-7.3239
1387	0.02	0.8832	0.9452	-7.4263
1388	-0.41	0.1581	0.4169	-6.248
1389	-1.02	0.0157	0.0976	-3.9625
1390	0	0.9886	0.9943	-7.4392
1391	-0.14	0.2567	0.5337	-6.6694
1392	-0.32	0.1231	0.3615	-6.0187
1393	-1.07	0.07	0.2518	-5.4797
1394	-0.07	0.76	0.8791	-7.3834
1395	-1.43	0.0091	0.0653	-3.3908
1396	-0.12	0.5022	0.7267	-7.1696
1397	-0.11	0.6965	0.8476	-7.3482
1398	0.08	0.5465	0.7541	-7.2216
1399	0.1	0.6275	0.8093	-7.2983
1400	-0.66	0.0888	0.2896	-5.7094
1401	-0.44	0.0839	0.2808	-5.6553
1402	0.1	0.3036	0.5765	-6.806
1403	-0.14	0.241	0.5201	-6.617
1404	0.41	0.1539	0.4116	-6.2237
1405	-0.14	0.7311	0.8632	-7.3685
1406	0.13	0.7169	0.8554	-7.3605
1407	-0.03	0.8423	0.9233	-7.4156
1408	-0.09	0.8155	0.9059	-7.4067
1409	0.15	0.5192	0.7396	-7.1905
1410	-0.5	0.2706	0.5463	-6.713
1411	1.59	0.003	0.0343	-1.7479
1412	1.94	0.0002	0.0053	0.8698
1413	0.17	0.6176	0.8031	-7.29
1414	-1.45	0.0062	0.0518	-2.9901
1415	-1.77	0.0027	0.0322	-2.082
1416	0.05	0.8937	0.9496	-7.4286
1417	-0.49	0.2209	0.4981	-6.5427
1418	0.37	0.1849	0.456	-6.3879
1419	-0.47	0.1473	0.4025	-6.1841
1420	0.03	0.7095	0.8513	-7.3561
1421	0.1	0.6776	0.8358	-7.3357
1422	-1	0.0018	0.0257	-1.641
1423	0.91	0.0345	0.1658	-4.7753
1424	-0.73	0.0281	0.1465	-4.5648
1425	-2.2	0.0021	0.0275	-0.9395
1426	-0.38	0.02	0.1151	-4.2158
1427	0.11	0.3042	0.5765	-6.8075
1428	0.05	0.6018	0.7908	-7.2762
1429	0.09	0.6794	0.8366	-7.3369
1430	0.02	0.8963	0.9496	-7.4291
1431	-0.45	0.2618	0.5391	-6.6858
1432	0.21	0.3457	0.6094	-6.907
1433	0.11	0.8082	0.902	-7.404
1434	-0.98	0.0627	0.2365	-5.3706
1435	-0.23	0.1237	0.3621	-6.0227
1436	0.2	0.2862	0.5603	-6.7587
1437	-0.14	0.6322	0.8116	-7.302
1438	0.22	0.4959	0.7232	-7.1617
1439	-0.33	0.406	0.6563	-7.0259
1440	-0.98	0.024	0.1324	-4.2546
1441	-0.23	0.511	0.733	-7.0972
1442	0.05	0.629	0.8105	-7.2995
1443	0.24	0.0646	0.2406	-5.4002
1444	-0.52	0.0433	0.1884	-5.0039
1445	-2.01	0.0009	0.0169	-0.8775
1446	0.04	0.8504	0.9283	-7.418
1447	-2.4	0	0	10.9332
1448	-0.4	0.3476	0.6097	-6.9112
1449	0.09	0.4007	0.6508	-7.0165
1450	-0.19	0.3055	0.5779	-6.8108
1451	0.64	0.0654	0.2426	-5.413
1452	0.22	0.2435	0.5213	-6.6256
1453	0.62	0.0066	0.0534	-3.0545
1454	0.03	0.7763	0.8866	-7.3909
1455	0.33	0.1384	0.3882	-6.1269
1456	0.39	0.3038	0.5765	-6.8065
1457	-1.13	0.0668	0.2454	-5.4332
1458	-0.09	0.8062	0.9017	-7.4032
1459	-0.24	0.2302	0.5099	-6.5781
1460	-0.09	0.3343	0.6017	-6.8814
1461	0.2	0.4434	0.6851	-7.0876
1462	0.35	0.2173	0.4939	-6.5288
1463	1.45	0.0001	0.0036	1.452
1464	0	0.9918	0.995	-7.4392
1465	-0.24	0.692	0.8455	-7.3453
1466	-0.79	0.034	0.1644	-4.759
1467	-0.49	0.307	0.579	-6.2933
1468	0.27	0.2849	0.5592	-6.755
1469	0.13	0.6718	0.8325	-7.3318
1470	0.72	0.008	0.0606	-3.2629
1471	0.37	0.0415	0.1835	-4.9605
1472	0.49	0.0735	0.2586	-5.5271
1473	0.12	0.6003	0.7908	-7.2749
1474	-0.99	0.071	0.2531	-5.493
1475	1.28	0.003	0.0347	-2.0341
1476	0.1	0.877	0.9426	-7.4249
1477	0.13	0.6338	0.812	-7.3033
1478	0.01	0.9576	0.9812	-7.4376
1479	-0.66	0.1224	0.3599	-6.0129
1480	0.11	0.2154	0.4914	-6.5212
1481	-0.19	0.14	0.3916	-6.1374
1482	0.22	0.2116	0.4857	-6.5059
1483	0.08	0.6631	0.8279	-7.3256
1484	0.25	0.0476	0.2013	-5.0975
1485	-0.03	0.747	0.8715	-7.3769
1486	-0.06	0.6659	0.8308	-7.3276
1487	-1.01	0.0024	0.03	-1.958
1488	0.19	0.4224	0.6695	-7.0539
1489	-0.16	0.3645	0.626	-6.9471
1490	-0.32	0.0859	0.2847	-5.558
1491	-0.09	0.6856	0.8416	-7.3411
1492	0.37	0.0406	0.182	-4.9381
1493	0.2	0.4659	0.7015	-7.1209
1494	-0.78	0.1248	0.3629	-6.031
1495	0.04	0.7602	0.8791	-7.3835
1496	-0.85	0.0209	0.118	-4.2591
1497	-1.26	0.0006	0.0138	-0.5117
1498	0.54	0.0524	0.2121	-5.1941
1499	0.22	0.4469	0.686	-7.0929
1500	-0.01	0.9642	0.9831	-7.4381
1501	0.13	0.5425	0.7523	-7.2171
1502	0.51	0.1199	0.3546	-5.9939
1503	1.81	0.0001	0.0026	2.1489
1504	-1.52	0.0072	0.0568	-3.152
1505	0.78	0.049	0.2055	-5.1261
1506	0.28	0.1404	0.3921	-6.1402
1507	0.38	0.3354	0.6018	-6.8838
1508	-0.99	0.0316	0.1572	-4.6834
1509	-0.51	0.0663	0.2451	-5.4252
1510	-0.94	0.0685	0.2486	-5.3335
1511	0.01	0.8974	0.9496	-7.4293
1512	0.15	0.5096	0.7325	-7.1788
1513	-0.72	0.1025	0.3187	-5.5528
1514	0.23	0.2871	0.5607	-6.7612
1515	-1.21	0.0307	0.1547	-4.5109
1516	0.01	0.8899	0.948	-7.4278
1517	0.28	0.3393	0.6051	-6.8927
1518	1.08	0.0018	0.0257	-1.6729
1519	-0.04	0.7642	0.882	-7.3854
1520	-0.42	0.2687	0.5443	-6.7073
1521	-0.39	0.3434	0.6078	-6.9019
1522	-0.25	0.5224	0.7408	-7.1942
1523	-0.37	0.4236	0.6703	-7.0559
1524	0.2	0.1487	0.4043	-6.1922
1525	0.26	0.6153	0.8017	-7.288
1526	0.31	0.067	0.2454	-5.4359
1527	-0.08	0.7394	0.8668	-7.373
1528	0.22	0.6608	0.8271	-7.324
1529	1.12	0.0012	0.0211	-1.2636
1530	-0.07	0.4564	0.6919	-7.1071
1531	0.12	0.606	0.7939	-7.28
1532	0.66	0.0768	0.2662	-5.5693
1533	-0.02	0.9175	0.9621	-7.4328
1534	-0.04	0.89	0.948	-7.4278
1535	1.23	0.0032	0.0356	-2.2873
1536	0.54	0.0726	0.2575	-5.5142
1537	0.38	0.0051	0.0455	-2.7724
1538	0.13	0.3281	0.5986	-6.8668
1539	-0.51	0.0983	0.3104	-5.8068
1540	-0.09	0.7454	0.8706	-7.3761
1541	-1.26	0.013	0.084	-3.7641
1542	-0.41	0.3006	0.5753	-6.7052
1543	-0.72	0.1373	0.3859	-6.1197
1544	-0.27	0.1966	0.4694	-6.4421
1545	-0.06	0.5669	0.7716	-7.2429
1546	-0.21	0.1192	0.3531	-5.9881
1547	-0.45	0.1579	0.4169	-6.247
1548	-0.4	0.0337	0.164	-4.7515
1549	-0.11	0.2885	0.5626	-6.765
1550	0.03	0.7821	0.8905	-7.3935
1551	-0.23	0.3668	0.6264	-6.9518
1552	-1.25	0.001	0.0191	-1.0494
1553	0.27	0.2507	0.5277	-6.6498
1554	0.03	0.8826	0.9451	-7.4262
1555	-1.98	0.0055	0.0476	-2.675
1556	0.05	0.6177	0.8031	-7.29
1557	-0.13	0.7021	0.8483	-7.3516
1558	0.08	0.6393	0.8144	-7.3077
1559	-0.24	0.4433	0.6851	-7.0874
1560	-0.12	0.6342	0.8121	-7.3036
1561	0.39	0.2008	0.4765	-6.4606
1562	1.15	0.0113	0.0766	-3.6223
1563	-0.6	0.0019	0.0261	-1.7076
1564	0.38	0.0731	0.2584	-5.5209
1565	0.21	0.3229	0.5952	-6.8543
1566	0.32	0.154	0.4116	-6.2244
1567	-1.73	0.0121	0.0797	-3.6946
1568	-0.89	0.0121	0.0797	-3.6886
1569	0.21	0.302	0.5764	-6.8016
1570	0.05	0.8645	0.936	-7.4218
1571	0.12	0.589	0.7827	-7.2645
1572	0.36	0.2063	0.4804	-6.4841
1573	0.52	0.0073	0.0572	-3.1651
1574	0.32	0.0261	0.1404	-4.49
1575	-0.03	0.8174	0.9065	-7.4073
1576	0.06	0.7762	0.8866	-7.3909
1577	-0.04	0.7414	0.8681	-7.374
1578	0.22	0.1034	0.3203	-5.8546
1579	0.31	0.1073	0.3281	-5.8895
1580	0.09	0.4466	0.686	-7.0924
1581	-0.31	0.4093	0.6596	-7.0316
1582	-1.35	0.0366	0.1705	-4.4867
1583	-1.08	0.0081	0.0611	-3.2763
1584	0.15	0.5405	0.7517	-7.215
1585	0.02	0.8459	0.9246	-7.4166
1586	0.02	0.946	0.9742	-7.4365
1587	-0.08	0.5622	0.7685	-7.2381
1588	-0.05	0.7005	0.8477	-7.3506
1589	0.01	0.9899	0.9943	-7.4392
1590	0.18	0.5475	0.7545	-7.2226
1591	0.52	0.0936	0.2996	-5.7595
1592	0.36	0.3274	0.5985	-6.8653
1593	0.73	0.011	0.0756	-3.5947
1594	0.31	0.1999	0.475	-6.4564
1595	0.25	0.282	0.5583	-6.7466
1596	-1.59	0.0123	0.0803	-3.7107
1597	-0.1	0.6495	0.8186	-7.3156
1598	0.35	0.097	0.3076	-5.7941
1599	-0.12	0.35	0.6115	-6.9164
1600	-0.69	0.0312	0.1561	-4.6725
1601	1.48	0.0025	0.0312	-2.016
1602	0.43	0.1846	0.4558	-6.3864
1603	-1.53	0.0027	0.0325	-2.1163
1604	-0.52	0.3514	0.6122	-6.9196
1605	0.61	0.0158	0.0977	-3.9716
1606	0.31	0.4057	0.6561	-7.0254
1607	-0.01	0.9675	0.9848	-7.4383
1608	-0.61	0.0848	0.2827	-5.6656
1609	-0.24	0.1061	0.326	-5.8787
1610	1.64	0	0.0014	3.1755
1611	-1.66	0	0.0019	2.8883
1612	-0.27	0.2484	0.5267	-6.6421
1613	0.2	0.5117	0.7337	-7.1815
1614	0.58	0.1051	0.3246	-5.8702
1615	0.38	0.0551	0.2182	-5.2435
1616	0.08	0.7464	0.8714	-7.3766
1617	0.4	0.096	0.3052	-5.7841
1618	0.18	0.1685	0.4303	-6.3053
1619	0.11	0.3454	0.6094	-6.9064
1620	-0.35	0.2509	0.5277	-6.6507
1621	-0.72	0.1296	0.3728	-6.0661
1622	-0.2	0.4385	0.6814	-7.0799
1623	0.48	0.0603	0.2306	-5.3325
1624	-0.08	0.5646	0.7703	-7.2406
1625	0.3	0.2631	0.54	-6.6898
1626	-0.03	0.7881	0.8939	-7.396
1627	-0.08	0.7823	0.8905	-7.3935
1628	-0.66	0.2436	0.5213	-6.6257
1629	-0.6	0.0545	0.217	-5.2333
1630	-1.49	0.0116	0.0776	-3.6444
1631	0.28	0.525	0.7422	-7.1973
1632	-0.48	0.0744	0.261	-5.5389
1633	-0.06	0.8047	0.9017	-7.4027
1634	0.2	0.3926	0.6434	-6.7739
1635	0.49	0.251	0.5277	-6.651
1636	0.12	0.6776	0.8358	-7.3357
1637	-0.9	0.0343	0.1653	-4.7678
1638	0.24	0.2964	0.571	-6.7867
1639	0.16	0.4571	0.6923	-7.1082
1640	0.35	0.2515	0.5278	-6.6524
1641	-0.09	0.4452	0.6854	-7.0904
1642	0.18	0.4127	0.6616	-7.0375
1643	0.13	0.619	0.8041	-7.2912
1644	0.03	0.7728	0.8845	-7.3893
1645	0.13	0.3112	0.5817	-6.8255
1646	-0.06	0.8359	0.9189	-7.4136
1647	-0.22	0.5191	0.7396	-7.1903
1648	0.28	0.1135	0.3423	-5.9428
1649	0.44	0.0523	0.2119	-5.1919
1650	0.05	0.738	0.8667	-7.3723
1651	0.64	0.0037	0.0383	-2.4278
1652	-0.39	0.289	0.5632	-6.7664
1653	0.55	0.1347	0.3814	-6.1015
1654	0.15	0.5822	0.7787	-7.258
1655	0.14	0.748	0.872	-7.2991
1656	-0.01	0.9799	0.9912	-7.4389
1657	-1.38	0.0032	0.0356	-2.2708
1658	0.24	0.266	0.5407	-6.6988
1659	-0.22	0.1873	0.4583	-6.3993
1660	-0.04	0.9078	0.9561	-7.4313
1661	-0.12	0.7719	0.8842	-7.3889
1662	0.26	0.0697	0.2512	-5.4746
1663	-0.57	0.0859	0.2847	-5.6774
1664	-0.79	0.0049	0.045	-2.7392
1665	0.26	0.3101	0.5817	-6.8226
1666	-0.88	0.0143	0.0907	-3.8637
1667	0.05	0.6403	0.815	-7.3085
1668	-1.4	0.004	0.0395	-2.5252
1669	0.61	0.0678	0.2465	-5.3218
1670	0.13	0.5685	0.7725	-7.2446
1671	-1.07	0.0839	0.2808	-5.6545
1672	-0.2	0.5521	0.7585	-7.1453
1673	-0.11	0.6686	0.8322	-6.8621
1674	0.32	0.2678	0.5432	-6.7044
1675	0.87	0.0526	0.2123	-5.1976
1676	0.21	0.5098	0.7325	-7.1791
1677	-0.45	0.0333	0.1624	-4.5967
1678	-0.09	0.357	0.6177	-6.9314
1679	-0.73	0.0019	0.0261	-1.7017
1680	0.11	0.7104	0.8513	-7.3567
1681	0.05	0.7208	0.858	-7.3628
1682	0.52	0.0023	0.0296	-1.9398
1683	0.24	0.4098	0.6596	-7.0325
1684	0.35	0.2956	0.5704	-6.7847
1685	-0.04	0.8965	0.9496	-7.4291
1686	-0.47	0.1494	0.4048	-6.1966
1687	0.43	0.2094	0.4825	-6.4967
1688	0.46	0.2548	0.5312	-6.5671
1689	0.35	0.0706	0.2523	-5.4878
1690	0.32	0.3107	0.5817	-6.8243
1691	-0.27	0.5696	0.773	-7.2456
1692	1.93	0.0003	0.0078	0.3099
1693	0.02	0.9	0.9516	-7.4298
1694	0.14	0.7103	0.8513	-7.3567
1695	-0.24	0.3694	0.6274	-6.868
1696	-0.38	0.072	0.2561	-5.3828
1697	-0.36	0.3915	0.6434	-6.9997
1698	-0.38	0.2324	0.511	-6.5861
1699	-1.08	0.0045	0.0426	-2.1948
1700	0.12	0.6151	0.8017	-7.2878
1701	0.01	0.9516	0.9774	-7.4371
1702	0.24	0.4648	0.7008	-7.1193
1703	-0.48	0.0682	0.2477	-5.4535
1704	-0.22	0.1337	0.3799	-6.0952
1705	-0.79	0.052	0.2119	-4.8567
1706	0.21	0.4389	0.6817	-7.0805
1707	0.25	0.3407	0.6063	-6.896
1708	0.19	0.3613	0.6228	-6.9404
1709	0.26	0.5264	0.7438	-7.199
1710	0.21	0.4526	0.69	-7.1015
1711	0.26	0.5383	0.7515	-7.2125
1712	0.21	0.3521	0.613	-6.921
1713	0.21	0.363	0.6239	-6.9439
1714	0.25	0.6555	0.8226	-7.32
1715	0.42	0.4109	0.6607	-7.0345
1716	0.16	0.5006	0.7256	-7.1676
1717	0.16	0.4095	0.6596	-7.0321
1718	0.26	0.4221	0.6695	-7.0534
1719	0.07	0.6422	0.8162	-7.31
1720	0.31	0.3136	0.5841	-6.8316
1721	0.46	0.0702	0.2518	-5.4815
1722	-0.35	0.4054	0.656	-7.0249
1723	0.03	0.8104	0.9023	-7.4048
1724	0.21	0.3101	0.5817	-6.8226
1725	0.38	0.2835	0.5589	-6.751
1726	-0.07	0.6486	0.818	-7.3149
1727	0.39	0.1353	0.3827	-6.1062
1728	0.42	0.1546	0.4123	-6.2281
1729	0.2	0.2418	0.5203	-6.6196
1730	0.03	0.7322	0.8638	-7.3692
1731	0.11	0.438	0.6814	-7.0791
1732	0.1	0.5069	0.7307	-7.1755
1733	0.07	0.6331	0.812	-7.3028
1734	0.15	0.3884	0.6406	-6.9938
1735	0.23	0.4156	0.6638	-7.0426
1736	0.94	0.0844	0.2817	-5.6605
1737	0.46	0.1765	0.4435	-6.3467
1738	0.05	0.77	0.8835	-7.3881
1739	0.12	0.457	0.6923	-7.1081
1740	0.31	0.4546	0.6915	-7.1045
1741	0.25	0.3321	0.6014	-6.8761
1742	0.2	0.1068	0.3269	-5.885
1743	0.37	0.2108	0.4849	-6.5026
1744	0.41	0.2144	0.4907	-6.5174
1745	0.22	0.2318	0.5108	-6.5838
1746	0.38	0.3501	0.6115	-6.9167
1747	0.41	0.2226	0.5007	-6.5496
1748	0.38	0.1787	0.4467	-6.358
1749	0.34	0.0516	0.2118	-5.1783
1750	0.23	0.403	0.6538	-7.0206
1751	0.46	0.2521	0.5278	-6.6546
1752	0.25	0.3254	0.5978	-6.8604
1753	0.22	0.4488	0.6871	-7.0957
1754	0.13	0.5803	0.7785	-7.2561
1755	0.35	0.1362	0.3843	-6.1118
1756	0.28	0.3035	0.5765	-6.8057
1757	0.28	0.265	0.5407	-6.6957
1758	0.31	0.2793	0.5573	-6.7389
1759	0.2	0.301	0.5753	-6.7991
1760	0.2	0.301	0.5753	-6.7991
1761	0.3	0.4383	0.6814	-7.0796
1762	0.43	0.1187	0.3523	-5.9841
1763	0.42	0.1582	0.4169	-6.2488
1764	0.16	0.5698	0.773	-7.2458
1765	0.21	0.4141	0.6626	-7.04
1766	0.32	0.4461	0.6858	-7.0917
1767	0.35	0.1915	0.4625	-6.4191
1768	0.25	0.444	0.6851	-7.0884
1769	0.3	0.3268	0.5981	-6.8639
1770	0.39	0.1856	0.4566	-6.3914
1771	0.24	0.581	0.7785	-7.2569
1772	0.24	0.2178	0.4943	-6.5306
1773	0.08	0.6378	0.8138	-7.3065
1774	0.12	0.4008	0.6508	-7.0166
1775	0.24	0.4093	0.6596	-7.0317
1776	-0.02	0.9053	0.9545	-7.4308
1777	0.24	0.369	0.6274	-6.9563
1778	0.23	0.4615	0.6968	-7.1145
1779	0.19	0.4457	0.6856	-7.0911
1780	0.21	0.3837	0.6387	-6.9851
1781	0.18	0.2511	0.5277	-6.6512
1782	-0.77	0.1078	0.3292	-5.8943
1783	-0.5	0.2613	0.539	-6.6842
1784	-0.77	0.1425	0.3948	-6.1538
1785	-0.59	0.2593	0.5366	-6.6778
1786	-0.7	0.1587	0.4174	-6.2512
1787	-0.81	0.0707	0.2523	-5.4887
1788	-0.29	0.5423	0.7523	-7.217
1789	-1.62	0.0417	0.1841	-4.9648
1790	-0.21	0.6197	0.8041	-7.2918
1791	-0.66	0.1456	0.4018	-6.173
1792	-1.1	0.0218	0.1222	-4.1518
1793	-0.6	0.0806	0.273	-5.6162
1794	-0.39	0.3943	0.6446	-7.0048
1795	-0.71	0.1185	0.3523	-5.6968
1796	-0.37	0.3665	0.6264	-6.951
1797	-0.65	0.2141	0.4907	-6.5161
1798	-0.33	0.3373	0.604	-6.8883
1799	-0.19	0.5583	0.7645	-7.2341
1800	-0.64	0.2423	0.5209	-6.6215
1801	-0.25	0.544	0.7528	-7.2188
1802	-1.46	0.0026	0.0319	-2.0587
1803	-1.08	0.0285	0.1472	-4.578
1804	-0.46	0.2866	0.5603	-6.7597
1805	-0.55	0.2807	0.5574	-6.743
1806	-0.36	0.2727	0.5496	-6.7194
1807	-0.88	0.2066	0.4804	-6.4851
1808	-0.48	0.2074	0.4808	-6.4884
1809	-0.13	0.7623	0.8808	-7.3845
1810	0.01	0.984	0.9933	-7.439
1811	0.12	0.6167	0.8026	-7.2893
1812	-0.32	0.5511	0.7585	-7.2264
1813	-0.15	0.6298	0.8112	-7.3001
1814	0.17	0.5963	0.7884	-7.2712
1815	-0.22	0.5592	0.765	-7.235
1816	-0.06	0.8836	0.9452	-7.4264
1817	-0.84	0.0171	0.1036	-4.053
1818	-0.15	0.6028	0.7909	-7.2771
1819	-0.29	0.4222	0.6695	-6.9671
1820	0.27	0.1968	0.4695	-6.4429
1821	0.09	0.7331	0.8638	-7.3696
1822	0.24	0.281	0.5575	-6.7439
1823	0.08	0.631	0.8116	-7.3011
1824	-0.1	0.723	0.8586	-7.3641
1825	0.08	0.8172	0.9065	-7.4073
1826	-0.38	0.3954	0.6453	-7.0069
1827	-0.39	0.1948	0.4665	-6.434
1828	0.24	0.2859	0.56	-6.7577
1829	0.03	0.8926	0.9494	-7.4284
1830	-0.17	0.5578	0.7641	-7.2335
1831	-0.02	0.9637	0.9831	-7.438
1832	-0.98	0.1243	0.3629	-6.0275
1833	-0.61	0.2989	0.5741	-6.7935
1834	-0.46	0.5065	0.7307	-7.175
1835	-1.7	0.0423	0.1852	-4.9794
1836	-0.93	0.0884	0.2888	-5.5859
1837	-1.67	0.0013	0.0211	-1.2745
1838	-0.9	0.052	0.2119	-5.1863
1839	-0.98	0.0649	0.2413	-5.4043
1840	-2.81	0.011	0.0756	-2.7965
1841	-1.89	0.0037	0.0384	-2.2581
1842	-1.16	0.0137	0.0874	-3.8208
1843	-0.35	0.0319	0.1585	-4.6948
1844	-0.34	0.0366	0.1705	-4.833
1845	-1.22	0.0047	0.044	-2.7002
1846	-1.66	0.0162	0.0998	-3.9991
1847	-1.59	0.0136	0.087	-3.8134
1848	-1.65	0.0175	0.1051	-4.0761
1849	-1.22	0.0292	0.1496	-4.6028
1850	-1.24	0.0214	0.1204	-4.2856
1851	-2.1	0.0074	0.0573	-3.1725
1852	-0.88	0.0349	0.1661	-4.7861
1853	-0.86	0.0155	0.0973	-3.9536
1854	-0.44	0.0474	0.2012	-5.0937
1855	-0.38	0.0967	0.3072	-5.7914
1856	-0.76	0.0246	0.1346	-4.4296
1857	-1.57	0.0021	0.0278	-1.8469
1858	-0.38	0.0617	0.2337	-5.3553
1859	-0.91	0.0066	0.0531	-3.0461
1860	-0.75	0.0122	0.0797	-3.6976
1861	-0.85	0.0073	0.0571	-3.1606
1862	0.2	0.0366	0.1705	-4.8329
1863	0.22	0.0754	0.2627	-5.5519
1864	0.26	0.0131	0.0842	-3.7731
1865	-0.04	0.8146	0.9053	-7.4063
1866	-0.02	0.8065	0.9017	-7.4033
1867	-0.39	0.0727	0.2575	-5.5153
1868	-0.38	0.0747	0.261	-5.5429
1869	-0.42	0.0777	0.2671	-5.5804
1870	-0.26	0.5437	0.7528	-7.136
1871	-0.72	0.1896	0.4605	-6.4102
1872	-0.51	0.3106	0.5817	-6.8239
1873	-0.33	0.3668	0.6264	-6.9516
1874	0.09	0.7361	0.8665	-7.3712
1875	0.15	0.7585	0.8777	-7.3827
1876	0	0.9924	0.9953	-7.4392
1877	0.17	0.0829	0.2785	-5.6427
1878	-0.16	0.2012	0.4768	-6.4623
1879	0.63	0.3289	0.5992	-6.8688
1880	0.41	0.2706	0.5463	-6.7131
1881	0.68	0.2164	0.4929	-6.525
1882	1.41	0.0002	0.0051	0.9195
1883	1.91	0	0.0001	7.1776
1884	0.84	0.0005	0.012	-0.2692
1885	2.68	0	0.0012	3.4679
1886	0.85	0.0002	0.0064	0.5973
1887	1.57	0	0.0016	2.9617
1888	1.13	0.0001	0.0042	1.2424
1889	1.11	0.0264	0.1409	-4.503
1890	1.71	0	0.0004	5.0163
1891	1.39	0	0.0003	5.5572
1892	1.47	0.0001	0.0028	1.8731
1893	1.44	0.0001	0.0027	2.2352
1894	1.61	0.0022	0.0288	-1.0202
1895	0.06	0.508	0.7313	-7.1768
1896	0.1	0.3488	0.611	-6.9139
1897	-0.01	0.9182	0.9626	-7.433
1898	-0.03	0.8111	0.9023	-7.405
1899	-0.13	0.2426	0.5209	-6.6223
1900	0.02	0.8274	0.9131	-7.4108
1901	0.01	0.908	0.9561	-7.4313
1902	-3.58	0	0.0002	5.896
1903	-2.96	0	0.0003	5.2635
1904	-2.69	0	0.0021	2.6436
1905	0.4	0.137	0.3858	-6.1175
1906	0.59	0.0703	0.2518	-5.4835
1907	0.02	0.9627	0.9827	-7.438
1908	0.57	0.1465	0.4023	-6.1786
1909	-0.12	0.799	0.8991	-7.4005
1910	-1.05	0.0058	0.0492	-2.9086
1911	-0.97	0.0086	0.0629	-3.3298
1912	-0.9	0.0077	0.0595	-3.2211
1913	-0.77	0.007	0.0558	-3.1223
1914	-1.02	0.0026	0.0317	-2.0466
1915	-0.79	0.0068	0.0545	-3.0881
1916	-1.75	0.0062	0.0518	-2.8099
1917	-1.02	0.0546	0.217	-5.2341
1918	-0.95	0.0047	0.044	-2.7041
1919	-1.44	0.0034	0.037	-2.3536
1920	-0.69	0.1218	0.3588	-6.0086
1921	-0.93	0.0611	0.2327	-5.3451
1922	-1.66	0.0012	0.0207	-1.2072
1923	-0.97	0.003	0.0341	-2.2007
1924	0.16	0.3648	0.626	-6.9476
1925	0.18	0.3014	0.5758	-6.8002
1926	-0.11	0.6388	0.8141	-7.3073
1927	0.12	0.194	0.4653	-6.4305
1928	0.27	0.0156	0.0975	-3.9575
1929	0.4	0.0025	0.0312	-2.0173
1930	0.32	0.0091	0.0655	-3.3961
1931	0.04	0.69	0.8447	-7.344
1932	0.12	0.2625	0.5397	-6.6879
1933	0.18	0.1592	0.4183	-6.2546
1934	0.25	0.119	0.353	-5.9868
1935	0.17	0.0748	0.261	-5.5435
1936	-0.02	0.8509	0.9283	-7.4181
1937	0.21	0.0458	0.1962	-5.06
1938	0.16	0.1065	0.3269	-5.8829
1939	-0.05	0.6084	0.7957	-7.282
1940	-0.05	0.598	0.7893	-7.2728
1941	-0.07	0.3922	0.6434	-7.0011
1942	-0.04	0.6019	0.7908	-7.2763
1943	-0.01	0.9267	0.9663	-7.4342
1944	0.03	0.7026	0.8483	-7.3519
1945	-0.07	0.4785	0.7122	-7.1386
1946	0.02	0.859	0.9327	-7.4204
1947	0.11	0.2301	0.5099	-6.5777
1948	0.01	0.933	0.9684	-7.4351
1949	-0.01	0.9311	0.9677	-7.4348
1950	-0.77	0.0338	0.164	-4.7545
1951	-0.15	0.3819	0.6373	-6.9815
1952	-0.95	0.0457	0.1961	-5.0575
1953	-0.56	0.0917	0.2957	-5.7403
1954	-0.3	0.1805	0.449	-6.3666
1955	-1.67	0.0182	0.1082	-4.1204
1956	-1.43	0.0299	0.1521	-4.6269
1957	-1.14	0.027	0.1422	-4.5243
1958	-0.64	0.1012	0.3168	-5.834
1959	-2.12	0.0191	0.1125	-4.1693
1960	-0.77	0.058	0.2262	-5.2941
1961	-0.4	0.1666	0.4287	-6.2954
1962	-1.01	0.0283	0.1471	-4.4277
1963	-0.33	0.2271	0.5059	-6.5664
1964	-1.22	0.0523	0.2119	-5.1909
1965	-1.45	0.0148	0.0939	-3.742
1966	-1.89	0.0327	0.1614	-4.3671
1967	-1.02	0.0365	0.1705	-4.8302
1968	-0.55	0.0624	0.236	-5.3672
1969	-0.26	0.1009	0.3166	-5.8315
1970	-1.49	0.0163	0.0998	-3.8436
1971	-0.48	0.0703	0.2518	-5.4835
1972	-0.98	0.0241	0.1329	-4.2606
1973	-0.17	0.5885	0.7824	-7.1827
1974	0.01	0.9654	0.9836	-7.4382
1975	-0.56	0.2056	0.4799	-6.481
1976	-0.42	0.2682	0.5437	-6.7057
1977	-0.38	0.2557	0.5326	-6.6664
1978	-0.3	0.3489	0.611	-6.9141
1979	-0.18	0.5006	0.7256	-7.1676
1980	-0.55	0.2342	0.513	-6.5925
1981	-0.37	0.1686	0.4303	-6.306
1982	-0.23	0.3615	0.6228	-6.9408
1983	-0.4	0.1598	0.4191	-6.2578
1984	-0.3	0.3831	0.638	-6.9839
1985	-0.33	0.4917	0.7202	-7.1562
1986	-0.33	0.3431	0.6078	-6.9014
1987	-0.03	0.9125	0.9592	-7.4321
1988	0.01	0.9578	0.9812	-7.4376
1989	0.26	0.3258	0.598	-6.8615
1990	0.43	0.2523	0.5278	-6.6553
1991	-0.05	0.6783	0.8358	-7.3362
1992	-0.01	0.9015	0.9518	-7.4301
1993	-0.29	0.0671	0.2454	-5.4369
1994	-0.23	0.2196	0.4975	-6.5377
1995	0.5	0.1013	0.3168	-5.8353
1996	-0.26	0.3627	0.6239	-6.9433
1997	-0.76	0.0265	0.1409	-4.5058
1998	-0.04	0.9033	0.9533	-7.4304
1999	0.31	0.1892	0.4605	-6.4082
2000	3.5	0	0.0009	3.8465
2001	3.63	0	0.0001	7.7705
2002	0.58	0.0537	0.2145	-5.2171
2003	3.82	0.0004	0.0097	0.5125
2004	3.37	0	0.0005	5.0145
2005	0.03	0.9204	0.9631	-7.4333
2006	-0.32	0.3068	0.579	-6.8143
2007	-0.08	0.7687	0.8833	-7.3875
2008	0.07	0.6616	0.8273	-7.3245
2009	-0.19	0.5455	0.7532	-7.2204
2010	0.19	0.5682	0.7723	-7.2442
2011	-0.74	0.1059	0.3259	-5.8773
2012	-0.22	0.4627	0.6983	-7.1163
2013	-0.47	0.2648	0.5407	-6.6952
2014	0.13	0.7844	0.8913	-7.3944
2015	-0.35	0.3693	0.6274	-6.9568
2016	0.15	0.7073	0.8504	-7.3548
2017	0.15	0.7073	0.8504	-7.3548
2018	-0.79	0.2678	0.5432	-6.7045
2019	0.18	0.4442	0.6851	-7.0888
2020	-0.53	0.1564	0.4146	-6.2384
2021	0.23	0.4251	0.6709	-7.0584
2022	-0.26	0.3409	0.6063	-6.8965
2023	-0.11	0.6996	0.8476	-7.3501
2024	0.2	0.6496	0.8186	-7.3157
2025	-0.6	0.2646	0.5407	-6.6946
2026	0.07	0.7656	0.8821	-7.3861
2027	0.37	0.0365	0.1705	-4.8312
2028	0.29	0.0809	0.2735	-5.6196
2029	0.29	0.2055	0.4799	-6.4805
2030	4.27	0	0.0008	3.9781
2031	4.3	0	0	8.3562
2032	4.11	0	0.0019	2.5871
2033	0.26	0.0439	0.1893	-5.0159
2034	0.26	0.0439	0.1893	-5.0159
2035	2.96	0.0001	0.0042	1.7289
2036	0.04	0.7371	0.8667	-7.3718
2037	-0.04	0.6804	0.8376	-7.3376
2038	0.04	0.7026	0.8483	-7.352
2039	0.15	0.2174	0.4939	-6.5292
2040	0.03	0.7686	0.8833	-7.3874
2041	0.06	0.5138	0.7356	-7.184
2042	0.11	0.2365	0.5149	-6.6009
2043	-0.09	0.3878	0.6406	-6.9928
2044	0.18	0.1303	0.3742	-6.0714
2045	0.06	0.5779	0.7777	-7.2539
2046	0.07	0.518	0.7393	-7.1891
2047	0.12	0.2199	0.4975	-6.5388
2048	0.1	0.3327	0.6016	-6.8777
2049	0.07	0.5522	0.7585	-7.2276
2050	0.13	0.2431	0.5213	-6.624
2051	0.03	0.7278	0.8605	-7.3667
2052	0.07	0.4892	0.7196	-7.1529
2053	0.1	0.3757	0.6317	-6.9695
2054	0.11	0.2729	0.5496	-6.7199
2055	0.09	0.4306	0.6756	-7.0674
2056	0	0.9664	0.9843	-7.4382
2057	0.26	0.0385	0.176	-4.8839
2058	0.11	0.3117	0.5817	-6.8266
2059	0.17	0.1556	0.4132	-6.2335
2060	-0.05	0.5847	0.7802	-7.2604
2061	0.02	0.8312	0.915	-7.4121
2062	0.09	0.506	0.7307	-7.1744
2063	0.1	0.3254	0.5978	-6.8604
2064	0.02	0.8772	0.9426	-7.425
2065	0.11	0.2168	0.4935	-6.5268
2066	0.17	0.2046	0.4793	-6.4767
2067	0.2	0.2518	0.5278	-6.6535
2068	0.39	0.0407	0.182	-4.9405
2069	-0.19	0.1515	0.4067	-6.2094
2070	-0.15	0.2745	0.5508	-6.7248
2071	-0.18	0.3342	0.6017	-6.8812
2072	-0.2	0.0802	0.2722	-5.6109
2073	0.05	0.6396	0.8144	-7.3079
2074	0.09	0.448	0.6867	-7.0945
2075	0.06	0.5736	0.7748	-7.2496
2076	0.1	0.3279	0.5986	-6.8664
2077	-2.74	0	0.0022	2.3412
2078	-2.66	0.0001	0.0042	1.2253
2079	-1.61	0.0018	0.0257	-1.6808
2080	-3.27	0	0.0021	2.4021
2081	-3.5	0.0001	0.0033	1.5906
2082	-1.6	0	0.0001	6.787
2083	-0.21	0.448	0.6867	-7.0946
2084	-1.93	0.0019	0.0261	-0.8207
2085	-0.05	0.5807	0.7785	-7.2566
2086	-0.08	0.4116	0.6609	-7.0357
2087	-0.03	0.7807	0.8903	-7.3928
2088	0.05	0.774	0.8856	-7.3899
2089	0.03	0.8272	0.9131	-7.4107
2090	0.39	0.0175	0.1052	-4.0791
2091	0.9	0.0039	0.0391	-2.4912
2092	2.63	0	0	8.3944
2093	1.52	0	0.001	3.7125
2094	1.29	0.0001	0.0032	1.6665
2095	0.74	0.0036	0.0382	-2.4139
2096	0.64	0.0002	0.0063	0.6359
2097	0.35	0.0275	0.1443	-4.5426
2098	0.23	0.0634	0.2382	-5.3823
2099	0.11	0.5518	0.7585	-7.2272
2100	0.2	0.3651	0.6262	-6.9482
2101	0.48	0.1135	0.3423	-5.9422
2102	0.44	0.1451	0.4009	-6.1701
2103	0.12	0.538	0.7515	-7.2121
2104	0.02	0.7982	0.8985	-7.4001
2105	-0.02	0.8496	0.928	-7.4177
2106	0.03	0.7866	0.8927	-7.3954
2107	0.12	0.3982	0.6479	-7.0119
2108	0.16	0.3331	0.6016	-6.8786
2109	-0.15	0.1498	0.4053	-6.1992
2110	0.11	0.5245	0.7417	-7.1967
2111	-0.06	0.5722	0.7737	-7.2482
2112	-0.03	0.7386	0.8667	-7.3726
2113	0.05	0.5814	0.7785	-7.2572
2114	0.02	0.8575	0.9319	-7.42
2115	0.05	0.5814	0.7785	-7.2573
2116	0.06	0.4942	0.7214	-7.1594
2117	0.04	0.6479	0.8178	-7.3144
2118	0.01	0.9201	0.9631	-7.4333
2119	0.01	0.8968	0.9496	-7.4292
2120	0.11	0.2482	0.5267	-6.6415
2121	0.06	0.524	0.7415	-7.1962
2122	-0.01	0.9594	0.9819	-7.4377
2123	-0.06	0.5357	0.7492	-7.2096
2124	-0.01	0.9481	0.9753	-7.4367
2125	0.03	0.8318	0.9152	-7.4123
2126	-0.01	0.9108	0.9578	-7.4318
2127	0.08	0.4796	0.713	-7.14
2128	0.3	0.1745	0.441	-6.3369
2129	0.04	0.846	0.9246	-7.4167
2130	0.5	0.0008	0.0158	-0.7584
2131	0.79	0.0006	0.0132	-0.4419
2132	0.92	0.0006	0.0133	-0.4629
2133	0.97	0.0005	0.0124	-0.3476
2134	1.23	0.0007	0.0146	-0.6178
2135	0.67	0.0039	0.039	-2.4871
2136	0.64	0.0192	0.1125	-4.172
2137	0.84	0.001	0.0186	-1.0113
2138	0.63	0.0084	0.062	-3.3044
2139	0.98	0.0001	0.0031	1.7117
2140	-0.03	0.7389	0.8667	-7.3727
2141	0.36	0.2084	0.4812	-6.4927
2142	-0.04	0.6724	0.8325	-7.3322
2143	0.5	0.0268	0.1418	-4.5179
2144	0.16	0.3579	0.6187	-6.9334
2145	0.17	0.3473	0.6097	-6.9106
2146	0.13	0.4822	0.7151	-7.1435
2147	0.48	0.1943	0.4656	-6.4316
2148	0.11	0.2836	0.5589	-6.7513
2149	0.09	0.5223	0.7408	-7.1941
2150	0.43	0.3439	0.6081	-6.9031
2151	0.16	0.4451	0.6854	-7.0901
2152	0.45	0.2849	0.5592	-6.7549
2153	0.44	0.3825	0.6377	-6.9828
2154	0.43	0.2974	0.5719	-6.7895
2155	0.33	0.3893	0.6415	-6.9956
2156	0.1	0.3115	0.5817	-6.8262
2157	0.06	0.5148	0.7361	-7.1852
2158	0.12	0.3065	0.5788	-6.8136
2159	-0.32	0.0588	0.2274	-5.3077
2160	-0.28	0.4372	0.6814	-7.0778
2161	-0.24	0.6686	0.8322	-7.3295
2162	0.23	0.6119	0.7986	-7.2851
2163	-0.21	0.2201	0.4975	-6.5398
2164	-0.63	0.0878	0.2886	-5.6985
2165	-0.66	0.0034	0.0368	-2.3414
2166	-0.52	0.0952	0.3035	-5.7762
2167	-0.35	0.1894	0.4605	-6.4094
2168	0.74	0.06	0.23	-5.3275
2169	0.56	0.1066	0.3269	-5.8831
2170	-3.21	0	0.0001	6.7758
2171	-0.72	0.0191	0.1125	-4.169
2172	-2.19	0	0.0001	6.4345
2173	-1.91	0.0006	0.0127	-0.3868
2174	-2.18	0	0.0004	4.949
2175	-2.6	0	0.0005	4.9247
2176	-2.71	0.0001	0.004	1.334
2177	-1.78	0.0001	0.0029	1.8046
2178	-2.17	0.001	0.0193	-1.0758
2179	-2.21	0	0.0002	6.1999
2180	-2.58	0.0002	0.0055	1.6527
2181	0.56	0.0546	0.217	-5.2346
2182	0.54	0.0413	0.1833	-4.9547
2183	0.36	0.0692	0.2501	-5.468
2184	0.67	0.1154	0.3447	-5.9577
2185	0.73	0.004	0.0394	-2.5111
2186	0.42	0.037	0.1718	-4.846
2187	-2.65	0.0541	0.2158	-4.8988
2188	-1.09	0.021	0.1183	-4.2634
2189	-1.66	0.001	0.0192	-1.0683
2190	-1.77	0.0003	0.0078	0.2824
2191	0.29	0.1781	0.4459	-6.3548
2192	0.06	0.696	0.8476	-7.3478
2193	0.21	0.4138	0.6625	-7.0394
2194	0.03	0.6962	0.8476	-7.348
2195	0	0.9892	0.9943	-7.4392
2196	0.4	0.0087	0.0637	-3.3468
2197	0.1	0.4267	0.6728	-7.061
2198	-0.3	0.0992	0.3125	-5.8152
2199	0.14	0.2808	0.5574	-6.7433
2200	0.28	0.0675	0.2461	-5.4437
2201	0	0.9892	0.9943	-7.4392
2202	-0.03	0.8438	0.9243	-7.416
2203	-0.13	0.5311	0.7461	-7.2043
2204	0.33	0.0429	0.1867	-4.9933
2205	0.6	0.0633	0.2382	-5.3802
2206	-1.47	0.0008	0.0156	-0.7293
2207	-1.51	0.0018	0.0257	-1.6639
2208	-0.77	0.052	0.2119	-5.1854
2209	-0.86	0.0046	0.0435	-2.679
2210	0	0.9695	0.9852	-7.4384
2211	0.02	0.8626	0.9349	-7.4213
2212	-0.14	0.4323	0.6772	-7.0701
2213	-0.09	0.6114	0.7983	-7.2847
2214	-0.01	0.9457	0.9742	-7.4365
2215	-0.06	0.6509	0.8196	-7.3166
2216	-0.14	0.3151	0.5863	-6.8354
2217	-0.09	0.5381	0.7515	-7.2122
2218	0.03	0.8453	0.9246	-7.4165
2219	0.19	0.2263	0.5053	-6.5635
2220	0.03	0.7507	0.8735	-7.3788
2221	-0.02	0.8681	0.938	-7.4228
2222	0.08	0.3872	0.6406	-6.9916
2223	0.07	0.4817	0.715	-7.1428
2224	0.09	0.3226	0.5952	-6.8538
2225	-0.08	0.4119	0.661	-7.0362
2226	-0.06	0.5473	0.7545	-7.2224
2227	-0.1	0.4169	0.6647	-7.0447
2228	1.23	0.1596	0.4188	-6.2566
2229	0.08	0.3793	0.6353	-6.9766
2230	-0.07	0.4276	0.6732	-7.0625
2231	0.94	0.055	0.218	-5.2416
2232	0.3	0.4997	0.7249	-7.1664
2233	0.14	0.8138	0.9047	-7.406
2234	0.24	0.0666	0.2454	-5.4311
2235	0.16	0.2839	0.5589	-6.752
2236	0.12	0.6318	0.8116	-7.3017
2237	-0.14	0.2802	0.5573	-6.7416
2238	-0.22	0.2489	0.5268	-6.6439
2239	0.42	0.0106	0.0736	-3.5535
2240	-0.08	0.4036	0.6538	-7.0217
2241	-0.15	0.1213	0.3576	-6.0044
2242	-0.11	0.2427	0.5209	-6.6228
2243	-0.1	0.3427	0.6074	-6.9004
2244	-0.11	0.274	0.5503	-6.7233
2245	0.07	0.5476	0.7545	-7.2227
2246	-0.17	0.2618	0.5391	-6.686
2247	-0.12	0.2784	0.5561	-6.7362
2248	0.03	0.8053	0.9017	-7.4029
2249	-0.2	0.1059	0.3259	-5.8776
2250	-2.88	0	0.0005	4.6009
2251	-0.28	0.5442	0.7528	-7.219
2252	-0.12	0.8381	0.9203	-7.4143
2253	-0.32	0.5711	0.7735	-7.2472
2254	-0.16	0.754	0.8741	-7.3804
2255	0.8	0.0122	0.0797	-3.6983
2256	-2.97	0	0.0004	4.8617
2257	0.27	0.2041	0.4793	-6.4748
2258	-0.42	0.1621	0.4226	-6.2707
2259	-0.31	0.3078	0.5797	-6.8167
2260	0.83	0.0114	0.0772	-3.6341
2261	0.28	0.1745	0.441	-6.3368
2262	-0.02	0.9607	0.9825	-7.4378
2263	-0.18	0.1149	0.3447	-5.9537
2264	-0.38	0.3274	0.5985	-6.8652
2265	0.6	0.0038	0.0388	-2.4641
2266	0.74	0.0041	0.0404	-2.5572
2267	0.36	0.0047	0.0435	-2.6844
2268	0.68	0.0004	0.01	-0.0441
2269	0.86	0.0115	0.0774	-3.6383
2270	0.25	0.2929	0.5671	-6.7773
2271	0.24	0.3732	0.6308	-6.9645
2272	0.09	0.3354	0.6018	-6.8838
2273	0.03	0.7918	0.8954	-7.3976
2274	-0.07	0.6327	0.8119	-7.3025
2275	-0.04	0.7105	0.8513	-7.3568
2276	0.05	0.5241	0.7415	-7.1962
2277	-0.2	0.1898	0.4605	-6.4112
2278	-0.11	0.5188	0.7396	-7.19
2279	-0.18	0.2759	0.5525	-6.7289
2280	-0.31	0.0503	0.2085	-5.1534
2281	-0.12	0.4869	0.7186	-7.1498
2282	-0.11	0.4241	0.6706	-7.0568
2283	0.09	0.4531	0.69	-7.1022
2284	0.11	0.4852	0.7173	-7.1475
2285	0.79	0.1152	0.3447	-5.9565
2286	0.1	0.4593	0.6943	-7.1114
2287	0.31	0.0197	0.1137	-4.1984
2288	0.15	0.2353	0.5138	-6.5968
2289	0.17	0.2233	0.5016	-6.5522
2290	0.16	0.3704	0.6285	-6.9591
2291	0.08	0.5194	0.7396	-7.1908
2292	0.1	0.6356	0.8123	-7.3048
2293	0.16	0.4992	0.7249	-7.1659
2294	0.21	0.509	0.7321	-7.1781
2295	0.24	0.3184	0.5908	-6.8434
2296	0.22	0.4528	0.69	-7.1018
2297	0.14	0.6486	0.818	-7.3149
2298	0	0.9848	0.9936	-7.4391
2299	0.07	0.4193	0.6674	-7.0487
2300	0.07	0.4193	0.6674	-7.0487
2301	0.11	0.2485	0.5267	-6.6425
2302	-0.49	0.0735	0.2586	-5.5265
2303	-0.28	0.3472	0.6097	-6.9103
2304	-0.11	0.719	0.8569	-7.3618
2305	-1.96	0.0009	0.018	-0.7508
2306	-3.23	0	0.0024	2.2575
2307	0.93	0.0014	0.0231	-1.4076
2308	0.01	0.9483	0.9753	-7.4368
2309	0.02	0.8687	0.938	-7.4229
2310	-0.47	0.3866	0.6406	-6.9905
2311	0.06	0.5231	0.7415	-7.1951
2312	0.01	0.8794	0.9436	-7.4255
2313	0.22	0.1503	0.4056	-6.2024
2314	-0.54	0.011	0.0756	-3.5915
2315	-0.72	0.3574	0.618	-6.9322
2316	0	0.9872	0.9943	-7.4391
2317	-0.72	0.0466	0.1984	-5.0759
2318	0.01	0.9276	0.9663	-7.4343
2319	0.56	0.0462	0.197	-5.0678
2320	0.14	0.5918	0.7851	-7.2671
2321	0.03	0.7385	0.8667	-7.3725
2322	0.26	0.4229	0.6695	-7.0548
2323	0.74	0.0111	0.0759	-3.6051
2324	0.34	0.0874	0.2884	-5.6945
2325	0.02	0.9228	0.9645	-7.4337
2326	0.46	0.2338	0.5127	-6.5912
2327	-0.07	0.6336	0.812	-7.3032
2328	-0.07	0.7537	0.874	-7.3803
2329	0.07	0.6616	0.8273	-7.3245
2330	0.14	0.4439	0.6851	-7.0883
2331	0.3	0.3924	0.6434	-7.0014
2332	0.29	0.3603	0.6215	-6.9384
2333	0.33	0.2585	0.5357	-6.6752
2334	0.31	0.3173	0.5895	-6.8406
2335	0.13	0.4161	0.6638	-7.0434
2336	0.23	0.443	0.6851	-7.087
2337	0.15	0.4579	0.6928	-7.1093
2338	-3.18	0.0012	0.0209	-1.2251
2339	-1.62	0.0004	0.0109	0.0691
2340	-1.52	0.0004	0.0093	0.2862
2341	-1.94	0.0082	0.0612	-2.8632
2342	0.23	0.443	0.6851	-7.0869
2343	0.21	0.5515	0.7585	-7.2269
2344	0.77	0.0408	0.182	-4.9434
2345	0.08	0.8211	0.9089	-7.4086
2346	0.49	0.1411	0.3924	-6.1444
2347	0.35	0.3658	0.6264	-6.9497
2348	0.35	0.4373	0.6814	-7.078
2349	0.4	0.0262	0.1405	-4.4929
2350	0.6	0.0036	0.0378	-2.3981
2351	1.28	0.0717	0.2551	-5.5018
2352	0.74	0.0081	0.0607	-3.2668
2353	0.28	0.2937	0.5681	-6.7794
2354	0.29	0.5069	0.7307	-7.1755
2355	-0.64	0.0051	0.0458	-2.7866
2356	-1.02	0.0408	0.182	-4.9434
2357	-2.15	0.0001	0.0026	2.1179
2358	-1.55	0.0001	0.0046	1.0519
2359	0.02	0.8903	0.948	-7.4279
2360	-0.03	0.855	0.9311	-7.4193
2361	0.09	0.6272	0.8092	-7.298
2362	-0.08	0.645	0.8162	-7.3122
2363	-0.02	0.9008	0.9516	-7.43
2364	0	0.9917	0.995	-7.4392
2365	0.27	0.28	0.5573	-6.7409
2366	0.75	0.0032	0.0356	-2.2891
2367	0.83	0.0008	0.0158	-0.7684
2368	0.5	0.0279	0.1458	-4.5567
2369	0.58	0.0669	0.2454	-5.4344
2370	0.27	0.1367	0.3854	-6.1153
2371	0.42	0.2138	0.4902	-6.5147
2372	0.27	0.1869	0.4583	-6.3975
2373	0.52	0.0061	0.0513	-2.9641
2374	0.35	0.1018	0.3174	-5.8395
2375	-0.16	0.0842	0.2814	-5.6586
2376	-0.25	0.6204	0.8043	-7.2924
2377	-0.38	0.5105	0.7326	-7.18
2378	-0.16	0.7266	0.8603	-7.366
2379	0.37	0.7946	0.8954	-7.3987
2380	0.07	0.8767	0.9426	-7.4249
2381	0.03	0.8109	0.9023	-7.405
2382	0.01	0.9286	0.9668	-7.4345
2383	0.33	0.0854	0.2838	-5.6715
2384	-0.08	0.3458	0.6094	-6.9072
2385	-0.14	0.2793	0.5573	-6.739
2386	0.08	0.5832	0.7793	-7.259
2387	0.1	0.4302	0.6754	-7.0668
2388	-0.05	0.881	0.9443	-7.4259
2389	0.03	0.7419	0.8681	-7.3743
2390	0.02	0.874	0.9417	-7.4242
2391	-0.65	0.0403	0.1817	-4.9305
2392	-0.97	0.0063	0.0519	-3.0078
2393	-0.07	0.3957	0.6453	-7.0075
2394	0.35	0.3041	0.5765	-6.8072
2395	0.01	0.89	0.948	-7.4278
2396	0.22	0.1083	0.3299	-5.8982
2397	0.05	0.8102	0.9023	-7.4047
2398	0.8	0.0053	0.0465	-2.8133
2399	-1.42	0.0005	0.011	-0.1722
2400	0.26	0.4555	0.6919	-7.1059
2401	0.38	0.2938	0.5681	-6.7798
2402	-0.06	0.5787	0.7779	-7.2546
2403	-0.99	0.0484	0.2037	-5.1145
2404	-0.77	0.1311	0.3756	-6.0766
2405	-0.57	0.1761	0.4429	-6.3447
2406	-0.08	0.733	0.8638	-7.3696
2407	0.3	0.4373	0.6814	-7.0781
2408	0.69	0.1328	0.3784	-6.0891
2409	0.67	0.049	0.2055	-5.1261
2410	0.71	0.0331	0.1621	-4.732
2411	0.49	0.0537	0.2145	-5.218
2412	0.56	0.0599	0.23	-5.3261
2413	0.3	0.2203	0.4975	-6.5405
2414	0.54	0.0015	0.0236	-1.4606
2415	0.23	0.0587	0.2272	-5.3057
2416	0.77	0.0021	0.0273	-1.806
2417	0.77	0.0624	0.2359	-5.3657
2418	0.49	0.0343	0.1653	-4.7692
2419	0.85	0.0049	0.0449	-2.7332
2420	-0.01	0.8862	0.9466	-7.427
2421	0.14	0.3122	0.5822	-6.8281
2422	-0.34	0.5879	0.7818	-7.2634
2423	-0.62	0.1247	0.3629	-6.0301
2424	-1.87	0.0065	0.0528	-3.0338
2425	-1.14	0.0747	0.261	-5.5426
2426	-1.21	0.0523	0.2119	-5.1916
2427	-0.91	0.0525	0.2123	-5.196
2428	-1.17	0.0002	0.0053	0.8511
2429	0.34	0.5826	0.7788	-7.2584
2430	0.02	0.8627	0.9349	-7.4214
2431	-0.52	0.0419	0.1841	-4.9695
2432	-0.6	0.0358	0.1692	-4.8127
2433	-1.41	0.0575	0.2251	-5.2856
2434	-0.49	0.0347	0.166	-4.7803
2435	-0.48	0.0338	0.164	-4.7543
2436	-0.09	0.532	0.7467	-7.2054
2437	-1.05	0.0006	0.0132	-0.4413
2438	0.23	0.4675	0.7026	-7.1232
2439	-0.01	0.9812	0.992	-7.439
2440	0.17	0.4747	0.7099	-7.1332
2441	-0.06	0.5441	0.7528	-7.2188
2442	0.14	0.1624	0.4227	-6.2721
2443	-0.15	0.394	0.6445	-7.0044
2444	-0.28	0.4497	0.6877	-7.0972
2445	-0.48	0.3364	0.603	-6.8862
2446	-0.23	0.5068	0.7307	-7.1754
2447	-0.13	0.6625	0.8276	-7.3252
2448	0.73	0.0132	0.0852	-3.7871
2449	0.27	0.5691	0.7729	-7.2451
2450	-0.13	0.5296	0.7453	-7.2026
2451	-0.01	0.9686	0.9848	-7.4384
2452	0.02	0.8575	0.9319	-7.42
2453	0.04	0.9439	0.9733	-7.4363
2454	0.13	0.7696	0.8835	-7.3879
2455	-1.54	0.0323	0.1601	-4.7063
2456	-0.52	0.4381	0.6814	-7.0793
2457	-0.04	0.8022	0.8998	-7.4017
2458	0.04	0.643	0.8162	-7.3106
2459	-0.16	0.4225	0.6695	-7.054
2460	0.21	0.3531	0.6137	-6.9231
2461	0.2	0.3927	0.6434	-7.0019
2462	0.27	0.3326	0.6016	-6.8773
2463	0.3	0.2959	0.5704	-6.7854
2464	0.22	0.2916	0.5656	-6.7737
2465	0.32	0.2558	0.5326	-6.6667
2466	-1.79	0.0007	0.0153	-0.6977
2467	-1.04	0.0057	0.0485	-2.8915
2468	-1.58	0.0012	0.0211	-1.0514
2469	-2.18	0.0061	0.0514	-2.9713
2470	-0.65	0.1722	0.4369	-6.3248
2471	-0.58	0.1011	0.3168	-5.8331
2472	-0.19	0.518	0.7393	-7.1891
2473	-1.54	0.0017	0.0254	-1.6054
2474	-0.6	0.0747	0.261	-5.5426
2475	0.07	0.5427	0.7524	-7.2174
2476	0.74	0.022	0.1233	-4.3143
2477	0.41	0.0926	0.2974	-5.7496
2478	0.28	0.3441	0.6082	-6.9036
2479	0.1	0.4832	0.7159	-7.1449
2480	0.35	0.2448	0.5231	-6.6298
2481	0.1	0.4914	0.7202	-7.1558
2482	0.04	0.7384	0.8667	-7.3724
2483	0.64	0.2047	0.4793	-6.4773
2484	0.12	0.2084	0.4812	-6.4929
2485	-0.59	0.2294	0.5094	-6.5752
2486	-0.85	0.0669	0.2454	-5.4341
2487	-1.08	0.0072	0.0566	-3.1434
2488	0.86	0.0067	0.054	-3.0715
2489	0.74	0.0078	0.0596	-3.2265
2490	0.85	0.0428	0.1867	-4.9922
2491	0.34	0.2593	0.5366	-6.6778
2492	-1.28	0.0011	0.0199	-1.1374
2493	0.14	0.3005	0.5753	-6.7976
2494	-0.06	0.5297	0.7453	-7.2028
2495	0.02	0.8972	0.9496	-7.4293
2496	-0.39	0.1651	0.4254	-6.2869
2497	-1.21	0.0244	0.1341	-4.4219
2498	0.04	0.6689	0.8322	-7.3297
2499	-1.02	0.0008	0.016	-0.799
2500	0.29	0.2402	0.5191	-6.6141
2501	0.39	0.0579	0.2262	-5.2928
2502	0.94	0.006	0.0508	-2.9515
2503	0.42	0.0285	0.1472	-4.5784
2504	0.97	0.0003	0.0078	0.2987
2505	1.41	0.0013	0.0213	-1.2975
2506	1	0.0001	0.0041	1.2982
2507	0.05	0.7823	0.8905	-7.3935
2508	-0.12	0.1911	0.462	-6.4171
2509	-0.33	0.4932	0.7211	-7.158
2510	-0.43	0.207	0.4808	-6.4868
2511	-0.14	0.7011	0.8478	-7.3511
2512	0.27	0.1461	0.4023	-6.1763
2513	0.04	0.9208	0.9631	-7.4334
2514	0.57	0.1832	0.4535	-6.3798
2515	0.3	0.5221	0.7408	-7.1939
2516	1.15	0.0498	0.2072	-5.1424
2517	0.84	0.0528	0.2128	-5.2018
2518	-0.22	0.3378	0.6044	-6.8893
2519	-0.49	0.1933	0.4652	-6.4272
2520	-0.16	0.2418	0.5203	-6.6195
2521	-0.12	0.6474	0.8178	-7.314
2522	-0.36	0.4673	0.7026	-7.123
2523	-0.33	0.1137	0.3423	-5.9437
2524	-0.34	0.0099	0.0698	-3.4862
2525	-0.44	0.2024	0.4773	-6.4672
2526	0.67	0.0005	0.0123	-0.3178
2527	0.15	0.4682	0.7033	-7.1242
2528	0.12	0.6012	0.7908	-7.2756
2529	-0.69	0.0022	0.0287	-1.8947
2530	-0.3	0.3404	0.6063	-6.8953
2531	-0.42	0.2641	0.5407	-6.693
2532	0.43	0.0011	0.0194	-1.0873
2533	0.33	0.0053	0.0465	-2.8129
2534	0.04	0.6437	0.8162	-7.3112
2535	-0.36	0.4095	0.6596	-7.032
2536	-0.73	0.0704	0.2518	-5.4845
2537	-0.17	0.5447	0.7528	-7.2196
2538	0.09	0.6995	0.8476	-7.35
2539	0.03	0.8376	0.9201	-7.4141
2540	0.16	0.168	0.4301	-6.303
2541	-0.2	0.1471	0.4023	-6.1828
2542	0.29	0.1226	0.3603	-6.0148
2543	-0.35	0.0497	0.2072	-5.14
2544	0.22	0.0702	0.2518	-5.4816
2545	0.04	0.9015	0.9518	-7.4301
2546	0.07	0.5105	0.7326	-7.18
2547	0.22	0.3636	0.6247	-6.9452
2548	-0.56	0.0121	0.0797	-3.6935
2549	0.24	0.3955	0.6453	-7.007
2550	-0.84	0.0425	0.1858	-4.9853
2551	-0.5	0.1288	0.3716	-6.0606
2552	-2.16	0.0032	0.0356	-2.2909
2553	-1.99	0.0038	0.0388	-1.6051
2554	-0.53	0.1876	0.4587	-6.401
2555	0.06	0.5451	0.753	-7.22
2556	0.06	0.4885	0.7194	-7.1519
2557	0.37	0.261	0.5389	-6.6834
2558	0.06	0.481	0.7144	-7.1419
2559	0.17	0.3743	0.6313	-6.9667
2560	-0.14	0.306	0.5785	-6.8122
2561	-0.11	0.6019	0.7908	-7.2763
2562	1.66	0.0046	0.0432	-2.6616
2563	1.07	0.0854	0.2838	-5.6719
2564	0.8	0.0382	0.1752	-4.8759
2565	0.68	0.0635	0.2382	-5.3835
2566	0.65	0.012	0.0797	-3.6879
2567	0.51	0.0238	0.1316	-4.3936
2568	0.79	0.028	0.1463	-4.562
2569	0.57	0.0358	0.1692	-4.8103
2570	-2.52	0	0.0001	8.148
2571	-1.94	0.0001	0.0044	1.1247
2572	0.25	0.28	0.5573	-6.741
2573	0.37	0.051	0.2103	-5.1675
2574	0.26	0.2503	0.5277	-6.6485
2575	0.4	0.3079	0.5797	-6.8172
2576	-1.47	0.0876	0.2884	-5.6962
2577	0.1	0.6479	0.8178	-7.3143
2578	0.5	0.1604	0.42	-6.2613
2579	0.52	0.0358	0.1692	-4.8123
2580	0.61	0.0202	0.1153	-4.224
2581	0.43	0.126	0.3652	-6.0403
2582	-0.91	0.0445	0.1918	-5.0311
2583	-1.58	0.0013	0.0211	-1.2746
2584	-0.47	0.1567	0.4149	-6.2398
2585	-0.96	0.0197	0.1137	-4.1974
2586	-0.01	0.9734	0.9869	-7.4386
2587	-0.2	0.6986	0.8476	-7.3495
2588	0.38	0.0107	0.0737	-3.5627
2589	-0.37	0.2912	0.5656	-6.7727
2590	-0.47	0.2022	0.4773	-6.4666
2591	0	0.9993	0.9993	-7.4393
2592	0.4	0.1487	0.4043	-6.1924
2593	0.04	0.9199	0.9631	-7.4332
2594	0.59	0.1243	0.3629	-6.0272
2595	-1.32	0.0566	0.2228	-5.2704
2596	-0.65	0.0187	0.1105	-4.1435
2597	-0.52	0.0046	0.0435	-2.6793
2598	-0.43	0.1371	0.3858	-6.118
2599	0.51	0.0598	0.23	-5.3238
2600	0.49	0.0829	0.2785	-5.6434
2601	-0.01	0.892	0.9491	-7.4282
2602	-0.06	0.5267	0.7439	-7.1993
2603	-0.41	0.3232	0.5953	-6.8552
2604	-0.84	0.0783	0.268	-5.5884
2605	0.1	0.7035	0.8487	-7.3525
2606	-0.22	0.6021	0.7908	-7.2765
2607	0.27	0.5141	0.7357	-7.1843
2608	0.69	0.19	0.4606	-6.4121
2609	1.77	0.0051	0.0455	-2.7725
2610	0.59	0.0581	0.2262	-5.2964
2611	-0.63	0.0325	0.1607	-4.7137
2612	-0.24	0.427	0.6729	-7.0615
2613	-0.18	0.2336	0.5127	-6.5906
2614	-0.2	0.1691	0.4311	-6.3083
2615	-2.17	0.0001	0.0031	1.7179
2616	0.32	0.231	0.5103	-6.5809
2617	0.71	0.0823	0.2771	-5.6364
2618	0.78	0.0167	0.1016	-4.0286
2619	0.41	0.2147	0.491	-6.5186
2620	0.47	0.1782	0.4459	-6.3551
2621	0.01	0.9641	0.9831	-7.4381
2622	0.17	0.4754	0.7108	-7.1343
2623	-0.17	0.565	0.7703	-7.2409
2624	-0.13	0.4512	0.6894	-7.0995
2625	-0.1	0.6467	0.8176	-7.3134
2626	0.05	0.8204	0.9086	-7.4084
2627	0.01	0.9779	0.9899	-7.4388
2628	0.36	0.0158	0.0976	-3.969
2629	0.16	0.5527	0.7585	-7.2281
2630	0.02	0.9294	0.9671	-7.4346
2631	-0.35	0.3372	0.604	-6.8879
2632	0.39	0.3436	0.6079	-6.9024
2633	0.5	0.0593	0.2288	-5.3164
2634	0.3	0.2771	0.5538	-6.7324
2635	0.39	0.2392	0.5172	-6.6104
2636	0.09	0.7723	0.8842	-7.3891
2637	-0.02	0.9209	0.9631	-7.4334
2638	0.29	0.4562	0.6919	-7.0216
2639	-0.15	0.6863	0.8418	-7.3416
2640	0.05	0.6778	0.8358	-7.3359
2641	-0.05	0.7708	0.8835	-7.3884
2642	0.21	0.5985	0.7896	-7.2732
2643	0.62	0.0359	0.1694	-4.8152
2644	1.06	0.0092	0.0659	-3.4058
2645	1.32	0.0027	0.0322	-2.0852
2646	0.98	0.0044	0.0423	-2.6286
2647	0.65	0.0418	0.1841	-4.9682
2648	1.13	0.0015	0.0236	-1.4762
2649	0.01	0.9876	0.9943	-7.4391
2650	0.82	0.3333	0.6016	-6.8791
2651	-0.21	0.4913	0.7202	-7.1556
2652	-0.12	0.1884	0.4601	-6.4046
2653	0.86	0.0175	0.1051	-4.0759
2654	0.42	0.0066	0.0535	-3.0586
2655	0	0.9882	0.9943	-7.4392
2656	-0.58	0.3042	0.5765	-6.8075
2657	0.15	0.3414	0.6064	-6.8975
2658	-0.02	0.9433	0.9731	-7.4363
2659	1.25	0.0001	0.0046	1.0574
2660	0.02	0.9688	0.9848	-7.4384
2661	-0.06	0.8213	0.9089	-7.4087
2662	-0.63	0.0351	0.1667	-4.7917
2663	-0.21	0.5525	0.7585	-7.2279
2664	-0.54	0.0752	0.2623	-5.5494
2665	-0.11	0.2697	0.5457	-6.7103
2666	0.89	0.0439	0.1893	-5.0169
2667	0.22	0.0476	0.2013	-5.097
2668	0.14	0.4702	0.7047	-7.1271
2669	0.19	0.0615	0.2337	-5.3528
2670	1.01	0.0038	0.0388	-2.4602
2671	-0.08	0.8678	0.938	-7.4227
2672	-0.7	0.1055	0.3253	-5.8734
2673	0.19	0.3881	0.6406	-6.9934
2674	1.46	0.0079	0.0602	-3.2503
2675	1.38	0.0001	0.0026	2.0792
2676	0.61	0.0117	0.0782	-3.6546
2677	1.29	0.0002	0.0058	0.7266
2678	1.55	0.0001	0.0026	2.1091
2679	-0.25	0.2813	0.5577	-6.7447
2680	-0.6	0.0336	0.1635	-4.7472
2681	-0.09	0.4	0.6503	-7.0152
2682	-0.04	0.7963	0.897	-7.3993
2683	-0.25	0.0953	0.3035	-5.777
2684	0.07	0.7137	0.8532	-7.3587
2685	-0.02	0.8455	0.9246	-7.4165
2686	0.04	0.8613	0.9341	-7.421
2687	0.72	0.025	0.1362	-4.4453
2688	0.45	0.1127	0.3411	-5.9359
2689	-0.05	0.6387	0.8141	-7.3072
2690	0.22	0.4291	0.6748	-7.0649
2691	0.22	0.4176	0.6654	-7.0459
2692	0.28	0.349	0.611	-6.9144
2693	0.27	0.3113	0.5817	-6.8257
2694	0.54	0.1571	0.4154	-6.2422
2695	-0.66	0.0406	0.182	-4.9374
2696	-0.13	0.3255	0.5978	-6.8607
2697	-0.4	0.1514	0.4067	-6.2088
2698	0.05	0.7263	0.8603	-7.3659
2699	0.14	0.3302	0.6008	-6.8719
2700	0	0.987	0.9943	-7.4391
2701	-1.29	0.0002	0.0068	0.4905
2702	0.26	0.1507	0.4056	-6.2046
2703	0.28	0.1648	0.4254	-6.2853
2704	0.41	0.1675	0.4301	-6.2999
2705	0.3	0.205	0.4794	-6.4783
2706	0.31	0.2051	0.4794	-6.4788
2707	0.45	0.1926	0.4646	-6.4238
2708	0.42	0.1233	0.3617	-6.0202
2709	-0.09	0.8442	0.9245	-7.4162
2710	0.37	0.4666	0.7023	-7.122
2711	0.31	0.3025	0.5765	-6.8031
2712	0.64	0.0063	0.0519	-3.0059
2713	0.16	0.2197	0.4975	-6.5381
2714	-0.1	0.5963	0.7884	-7.2712
2715	0.54	0.0389	0.1774	-4.8947
2716	0.14	0.3515	0.6122	-6.9196
2717	-0.1	0.6892	0.8441	-7.3434
2718	-0.15	0.4855	0.7173	-7.148
2719	0.01	0.9434	0.9731	-7.4363
2720	-0.15	0.5527	0.7585	-7.2281
2721	-2.96	0.0001	0.0026	2.0886
2722	-2.29	0.0015	0.0236	-1.4635
2723	-0.6	0.0015	0.0236	-1.4724
2724	0.54	0.147	0.4023	-6.1822
2725	-0.09	0.4758	0.711	-7.1348
2726	-0.13	0.4443	0.6851	-7.089
2727	-1.04	0.013	0.084	-3.7667
2728	-1.52	0.0044	0.0422	-2.6173
2729	0.57	0.2607	0.5385	-6.6823
2730	0.08	0.4042	0.6543	-7.0227
2731	-0.17	0.2319	0.5108	-6.5841
2732	-0.26	0.1164	0.3476	-5.9663
2733	0.03	0.8419	0.9233	-7.4154
2734	-0.07	0.3907	0.6428	-6.9982
2735	-0.18	0.8183	0.9071	-7.4077
2736	0.06	0.7044	0.8487	-7.353
2737	1.39	0.0001	0.0028	1.8903
2738	-0.11	0.7691	0.8835	-7.3877
2739	-0.95	0	0.0014	3.1099
2740	-1.1	0.0191	0.1125	-4.1698
2741	-0.28	0.0818	0.276	-5.6298
2742	0.12	0.3285	0.5988	-6.8678
2743	0.13	0.331	0.6013	-6.8738
2744	-0.84	0.103	0.32	-5.851
2745	-0.01	0.9368	0.9694	-7.4355
2746	0.73	0.0612	0.233	-5.3478
2747	0.4	0.2338	0.5127	-6.5913
2748	0.09	0.4115	0.6609	-7.0356
2749	0.04	0.6553	0.8226	-7.3199
2750	-0.18	0.1319	0.3772	-6.0822
2751	0.27	0.0999	0.3141	-5.822
2752	0.24	0.1721	0.4369	-6.3245
2753	0.21	0.2907	0.5655	-6.7711
2754	-0.67	0.0311	0.1561	-4.6698
2755	0.36	0.0922	0.2967	-5.7453
2756	0.12	0.6979	0.8476	-7.349
2757	-0.29	0.3628	0.6239	-6.9435
2758	0	0.9945	0.9966	-7.4393
2759	-0.02	0.8651	0.9362	-7.422
2760	0.24	0.4335	0.678	-7.0719
2761	1.28	0.0002	0.0068	0.4898
2762	-0.11	0.7721	0.8842	-7.389
2763	0.4	0.2082	0.4812	-6.4921
2764	0.18	0.6163	0.8024	-7.2889
2765	0.13	0.7821	0.8905	-7.3935
2766	0.05	0.8403	0.9225	-7.415
2767	-0.28	0.3566	0.6177	-6.9305
2768	0.75	0.0932	0.2989	-5.756
2769	0.05	0.5731	0.7747	-7.2491
2770	-0.17	0.8004	0.8995	-7.401
2771	0.18	0.1327	0.3784	-6.088
2772	0.07	0.7273	0.8603	-7.3664
2773	0.04	0.8108	0.9023	-7.405
2774	0.04	0.7493	0.8728	-7.3781
2775	-0.04	0.9173	0.9621	-7.4328
2776	-0.05	0.6281	0.8096	-7.2987
2777	-0.9	0.0609	0.2323	-5.342
2778	-0.76	0.1031	0.32	-5.7361
2779	0.62	0.0879	0.2886	-5.7001
2780	0.21	0.2841	0.559	-6.7527
2781	-0.32	0.0901	0.2924	-5.7236
2782	0.09	0.6934	0.8469	-7.3462
2783	0.08	0.4454	0.6854	-7.0906
2784	0.08	0.6301	0.8112	-7.3003
2785	0.21	0.5392	0.7517	-7.2135
2786	0.27	0.3321	0.6014	-6.8762
2787	-1.49	0.0061	0.0514	-2.9745
2788	-0.19	0.0819	0.276	-5.6312
2789	0.26	0.3955	0.6453	-7.0071
2790	0.91	0.0018	0.0257	-1.6781
2791	0.13	0.6322	0.8116	-7.3021
2792	0.22	0.4102	0.66	-7.0333
2793	0.17	0.47	0.7047	-7.1268
2794	0.2	0.2418	0.5203	-6.6196
2795	-0.06	0.6685	0.8322	-7.3295
2796	0.37	0.0635	0.2382	-5.3836
2797	0.46	0.1132	0.3422	-5.94
2798	-1.01	0.0396	0.1796	-4.9141
2799	-0.45	0.0777	0.2671	-5.5811
2800	-0.11	0.5431	0.7525	-7.2178
2801	0.24	0.5293	0.7453	-7.2022
2802	-0.01	0.935	0.9693	-7.4353
2803	-0.01	0.935	0.9693	-7.4353
2804	1.71	0.0013	0.0218	-1.334
2805	0.16	0.3692	0.6274	-6.9567
2806	0.39	0.0878	0.2886	-5.6989
2807	0.88	0.0096	0.0678	-3.452
2808	-0.1	0.7663	0.8824	-7.3864
2809	-0.02	0.888	0.9477	-7.4274
2810	-0.1	0.4888	0.7194	-7.1523
2811	-0.04	0.79	0.8951	-7.3968
2812	0.14	0.6583	0.8259	-7.3221
2813	0.32	0.0497	0.2072	-5.1415
2814	0.23	0.0883	0.2888	-5.7038
2815	0.13	0.6784	0.8358	-7.3363
2816	0.16	0.6158	0.802	-7.2885
2817	0.11	0.2318	0.5108	-6.5838
2818	0.33	0.1293	0.3724	-6.0644
2819	-0.11	0.3388	0.605	-6.8917
2820	-0.12	0.3252	0.5978	-6.86
2821	-0.07	0.4852	0.7173	-7.1475
2822	-0.11	0.3388	0.605	-6.8917
2823	-0.08	0.4077	0.658	-7.0289
2824	1.42	0.0049	0.0448	-2.7288
2825	0.48	0.0051	0.0455	-2.7698
2826	-0.28	0.0313	0.1561	-4.6743
2827	-0.48	0.0027	0.0324	-2.1034
2828	0.87	0	0.0018	2.8093
2829	0.94	0	0.0011	3.5423
2830	0.07	0.5088	0.7321	-7.1779
2831	0.24	0.0572	0.2244	-5.2797
2832	0.35	0.0945	0.3021	-5.7686
2833	-0.21	0.102	0.318	-5.8421
2834	-2.58	0.0016	0.0245	-1.5564
2835	0.05	0.7911	0.8954	-7.3972
2836	-0.03	0.8521	0.9289	-7.4185
2837	0.59	0.053	0.2129	-5.2041
2838	0.24	0.203	0.4773	-6.4699
2839	0.49	0.1219	0.3588	-6.0091
2840	-0.76	0.0153	0.0967	-3.9386
2841	0.16	0.5976	0.7891	-7.2724
2842	-0.13	0.6067	0.7945	-7.2806
2843	-0.89	0.0065	0.053	-3.0415
2844	-0.37	0.1149	0.3447	-5.954
2845	0.21	0.5411	0.7517	-7.2156
2846	-0.5	0.0154	0.0971	-3.9476
2847	-0.04	0.8168	0.9065	-7.4071
2848	0.28	0.2001	0.4752	-6.4575
2849	0.46	0.2024	0.4773	-6.4675
2850	-0.46	0.0906	0.2934	-5.729
2851	-0.1	0.729	0.8613	-7.3674
2852	0.34	0.1632	0.4236	-6.2766
2853	0.63	0.0151	0.0956	-3.9224
2854	0.01	0.9258	0.9663	-7.4341
2855	-1.04	0.0302	0.153	-4.6375
2856	-0.38	0.2464	0.5252	-6.6353
2857	-0.92	0.0881	0.2888	-5.7019
2858	0.36	0.0896	0.2916	-5.7179
2859	-2.26	0.0013	0.0213	-1.2993
2860	-2.17	0.0009	0.018	-0.97
2861	-2.1	0.0007	0.0146	-0.3806
2862	-0.7	0.0001	0.0033	1.5849
2863	0.03	0.8367	0.9194	-7.4138
2864	-0.23	0.4844	0.717	-7.1465
2865	0.39	0.2244	0.5025	-6.5563
2866	0.5	0.1557	0.4132	-6.2344
2867	-0.05	0.5842	0.7801	-7.2599
2868	0.2	0.2749	0.5509	-6.7258
2869	0.48	0.0536	0.2145	-5.217
2870	-0.46	0.0282	0.147	-4.5703
2871	0.17	0.269	0.5446	-6.7082
2872	-0.27	0.3088	0.5807	-6.8195
2873	-0.65	0.0461	0.1969	-5.0657
2874	0.02	0.8235	0.9107	-7.4095
2875	0.35	0.0535	0.2145	-5.2148
2876	0.06	0.5365	0.75	-7.2104
2877	0.1	0.4639	0.6999	-7.1181
2878	0.02	0.7974	0.8979	-7.3998
2879	0.42	0.0223	0.1244	-4.3283
2880	-0.13	0.6668	0.8312	-7.3282
2881	-0.18	0.1252	0.3638	-6.0342
2882	0.24	0.1334	0.3796	-6.0931
2883	0.04	0.7866	0.8927	-7.3954
2884	-0.95	0.0667	0.2454	-5.4317
2885	0	0.9816	0.992	-7.439
2886	-0.05	0.7781	0.888	-7.3917
2887	-0.5	0.036	0.1695	-4.8172
2888	-0.04	0.6943	0.8476	-7.3468
2889	-0.01	0.9382	0.9706	-7.4357
2890	0.1	0.3883	0.6406	-6.9937
2891	-0.08	0.6959	0.8476	-7.3477
2892	-0.01	0.9275	0.9663	-7.4343
2893	-0.13	0.1772	0.4446	-6.3506
2894	-0.04	0.739	0.8667	-7.3728
2895	0.69	0.0194	0.1133	-4.1836
2896	-1.33	0.0053	0.0471	-2.6491
2897	-1.43	0.0009	0.0173	-0.907
2898	0.59	0.0069	0.0547	-3.0943
2899	0.29	0.1504	0.4056	-6.203
2900	-0.07	0.6521	0.8201	-7.3175
2901	0.32	0.0682	0.2477	-5.4538
2902	-0.33	0.2434	0.5213	-6.6253
2903	0.14	0.6214	0.8043	-7.2932
2904	0.05	0.8963	0.9496	-7.4291
2905	0.22	0.61	0.7975	-7.2835
2906	0.42	0.1512	0.4065	-6.2074
2907	0.29	0.4429	0.6851	-7.0868
2908	0.19	0.6335	0.812	-7.3031
2909	-0.03	0.8092	0.9023	-7.4043
2910	0.5	0.1145	0.3442	-5.9509
2911	-1.03	0.0039	0.039	-2.4806
2912	0.32	0.3977	0.6476	-7.0112
2913	0.33	0.0368	0.171	-4.8394
2914	0.19	0.5207	0.7405	-7.1923
2915	-0.24	0.497	0.724	-7.1631
2916	0.44	0.2966	0.571	-6.7873
2917	0.05	0.8993	0.9513	-7.4297
2918	-0.07	0.6192	0.8041	-7.2914
2919	0.01	0.9478	0.9753	-7.4367
2920	-0.06	0.753	0.8739	-7.3799
2921	0.15	0.6719	0.8325	-7.3318
2922	-0.11	0.2632	0.54	-6.6902
2923	0.26	0.1238	0.3621	-6.0234
2924	-0.34	0.2078	0.4808	-6.4903
2925	-2.85	0.0001	0.0027	1.9622
2926	-0.11	0.4254	0.671	-7.0588
2927	0.59	0.0004	0.0102	-0.0747
2928	1.33	0.0028	0.0333	-2.1519
2929	0.23	0.4957	0.7231	-7.1613
2930	-0.48	0.206	0.4804	-6.4827
2931	-0.62	0.0637	0.2382	-5.3871
2932	0.23	0.3319	0.6014	-6.8758
2933	-0.69	0.3187	0.5908	-6.8441
2934	0.48	0.1638	0.4242	-6.28
2935	-0.22	0.5925	0.7852	-7.2678
2936	0.34	0.1115	0.3381	-5.9258
2937	0.31	0.2475	0.5264	-6.639
2938	-0.02	0.9363	0.9694	-7.4355
2939	0.54	0.0434	0.1884	-5.0058
2940	0.83	0.014	0.0895	-3.8474
2941	0.92	0.009	0.065	-3.3771
2942	0.08	0.7911	0.8954	-7.3972
2943	-0.31	0.1238	0.3621	-6.0236
2944	-0.19	0.6782	0.8358	-7.3362
2945	0.8	0.0046	0.0432	-2.6585
2946	-0.31	0.1607	0.4201	-6.263
2947	-0.14	0.5324	0.7469	-7.2058
2948	0.21	0.0915	0.2955	-5.7377
2949	0.07	0.5328	0.7471	-7.2062
2950	-0.42	0.1049	0.3244	-5.8685
2951	0.52	0.0267	0.1416	-4.5129
2952	-0.07	0.6551	0.8226	-7.3197
2953	0.39	0.0376	0.1736	-4.8617
2954	-0.2	0.6024	0.7909	-7.2768
2955	-0.47	0.2582	0.5355	-6.6744
2956	-0.57	0.0295	0.1504	-4.6136
2957	0.46	0.1484	0.4043	-6.1909
2958	0.24	0.3989	0.6488	-7.0133
2959	-0.03	0.8869	0.9469	-7.4272
2960	-0.97	0.004	0.0396	-2.5333
2961	-0.59	0.0243	0.1338	-4.4181
2962	-0.07	0.6134	0.7999	-7.2864
2963	0	0.9787	0.9903	-7.4389
2964	0.18	0.215	0.491	-6.5198
2965	-0.36	0.08	0.2722	-5.6089
2966	-0.46	0.0734	0.2586	-5.5248
2967	-0.05	0.8688	0.938	-7.4229
2968	0.61	0.0055	0.0476	-2.856
2969	-1.41	0.0039	0.039	-2.4859
2970	-0.75	0.2525	0.5278	-6.656
2971	0.16	0.219	0.4967	-6.5353
2972	0.13	0.6022	0.7908	-7.2765
2973	0.15	0.3387	0.605	-6.8913
2974	0.14	0.1388	0.3889	-6.1293
2975	-0.19	0.7706	0.8835	-7.3884
2976	-0.04	0.9253	0.9663	-7.434
2977	-0.11	0.5649	0.7703	-7.2409
2978	-0.58	0.174	0.4407	-6.334
2979	0.02	0.9387	0.9708	-7.4357
2980	0.65	0.0661	0.2447	-5.4225
2981	-0.36	0.2257	0.5043	-6.5612
2982	0.1	0.4321	0.6772	-7.0697
2983	-0.83	0.0046	0.0435	-2.6714
2984	0	0.9884	0.9943	-7.4392
2985	1.19	0.0029	0.0341	-2.1895
2986	0.08	0.5798	0.7783	-7.2556
2987	0.13	0.2507	0.5277	-6.65
2988	-2.09	0.0001	0.0033	1.6153
2989	-2.02	0.0005	0.0123	-0.3216
2990	-0.29	0.1306	0.3747	-6.0735
2991	-0.56	0.0554	0.219	-5.2495
2992	-1.71	0.0003	0.0077	0.3409
2993	-0.02	0.8958	0.9496	-7.429
2994	0.12	0.3048	0.5772	-6.809
2995	0.09	0.4979	0.724	-7.1642
2996	-0.23	0.4779	0.712	-7.1376
2997	-0.21	0.5137	0.7356	-7.1838
2998	-0.03	0.9336	0.9687	-7.4351
2999	-0.09	0.6971	0.8476	-7.3485
3000	0.04	0.8904	0.948	-7.4279
3001	-0.09	0.6726	0.8325	-7.3323
3002	0.28	0.3477	0.6097	-6.9114
3003	0.53	0.0256	0.1385	-4.4711
3004	0.25	0.5902	0.7837	-7.2656
3005	0.56	0.0898	0.2916	-5.7196
3006	0.11	0.8168	0.9065	-7.4071
3007	0.03	0.8596	0.9329	-7.4205
3008	0.03	0.7647	0.882	-7.3856
3009	-0.3	0.4552	0.6919	-7.1053
3010	-1.32	0.0034	0.037	-2.3547
3011	0.05	0.7169	0.8554	-7.3605
3012	0.15	0.5223	0.7408	-7.1941
3013	0.13	0.5669	0.7716	-7.2429
3014	-0.01	0.9394	0.9712	-7.4358
3015	-0.09	0.471	0.7055	-7.1281
3016	-0.27	0.0876	0.2884	-5.6963
3017	0.14	0.2358	0.5141	-6.5984
3018	0.12	0.7189	0.8569	-7.3617
3019	-0.74	0.0882	0.2888	-5.7028
3020	-1.5	0.008	0.0606	-3.2597
3021	0.24	0.3049	0.5772	-6.8094
3022	-0.45	0.0399	0.1804	-4.9217
3023	-0.15	0.4358	0.681	-7.0756
3024	-0.03	0.8572	0.9319	-7.4199
3025	0.03	0.775	0.8861	-7.3904
3026	0.01	0.8905	0.948	-7.4279
3027	0.08	0.8012	0.8996	-7.4013
3028	-1.01	0.0136	0.087	-3.8124
3029	-0.01	0.9363	0.9694	-7.4355
3030	-0.34	0.1982	0.472	-6.4489
3031	0.06	0.5861	0.7808	-7.2617
3032	0.71	0.0039	0.0391	-2.4946
3033	0.31	0.2281	0.5071	-6.5701
3034	-1.08	0.0393	0.1788	-4.7692
3035	-0.69	0.1553	0.4132	-6.1253
3036	-1.77	0.0063	0.0519	-2.1705
3037	0.24	0.1657	0.4266	-6.2902
3038	0.02	0.9046	0.954	-7.4307
3039	-0.3	0.3205	0.593	-6.8485
3040	-0.13	0.6951	0.8476	-7.3472
3041	0.21	0.4601	0.6951	-7.1125
3042	0.01	0.9734	0.9869	-7.4386
3043	-0.2	0.2371	0.5154	-6.6029
3044	-0.03	0.9273	0.9663	-7.4343
3045	0.17	0.5278	0.7444	-7.2005
3046	0.16	0.5703	0.7731	-7.2463
3047	0.44	0.1337	0.3799	-6.0953
3048	-0.22	0.3597	0.621	-6.9371
3049	0.52	0.0849	0.2827	-5.6659
3050	0.25	0.0991	0.3125	-5.8147
3051	0.19	0.0727	0.2575	-5.5162
3052	-0.52	0.0276	0.1445	-4.5456
3053	0.8	0.0208	0.118	-4.2573
3054	0.22	0.4885	0.7194	-7.152
3055	-2.07	0.0001	0.0033	2.0941
3056	-0.1	0.5298	0.7453	-7.2029
3057	0.49	0.2384	0.5166	-6.6077
3058	-0.31	0.058	0.2262	-5.2949
3059	0.35	0.0665	0.2454	-5.4291
3060	0.88	0.0111	0.0757	-3.5996
3061	0.15	0.3955	0.6453	-7.007
3062	0.26	0.376	0.6319	-6.9702
3063	-0.17	0.662	0.8273	-7.3248
3064	1.42	0.0042	0.0412	-2.5817
3065	0.69	0.0018	0.0257	-1.6479
3066	-0.13	0.7128	0.8528	-7.3581
3067	0.1	0.644	0.8162	-7.3114
3068	0.15	0.2407	0.5197	-6.6157
3069	-0.4	0.3564	0.6177	-6.9302
3070	0.43	0.2518	0.5278	-6.6534
3071	-0.01	0.9748	0.9877	-7.4387
3072	0.09	0.4994	0.7249	-7.1662
3073	0.09	0.5292	0.7453	-7.2022
3074	0.13	0.4438	0.6851	-7.0882
3075	-0.27	0.0152	0.0963	-3.9326
3076	0.14	0.2355	0.5139	-6.5975
3077	0.67	0.0197	0.1137	-4.1988
3078	-0.1	0.3032	0.5765	-6.8048
3079	0.68	0.0778	0.2671	-5.5821
3080	-2.11	0	0	9.6987
3081	-0.09	0.8249	0.9113	-7.41
3082	0.05	0.8431	0.9239	-7.4158
3083	-2.73	0	0.0019	2.8732
3084	0.31	0.1813	0.4507	-6.3708
3085	-0.25	0.2958	0.5704	-6.7851
3086	-0.01	0.9704	0.9854	-7.4385
3087	0.09	0.7648	0.882	-7.3857
3088	-0.07	0.8704	0.9389	-7.4233
3089	0.27	0.18	0.4486	-6.3641
3090	-0.31	0.4335	0.678	-7.0719
3091	0.14	0.2012	0.4768	-6.4621
3092	0.66	0.0088	0.064	-3.3549
3093	0.15	0.22	0.4975	-6.5393
3094	0.04	0.88	0.9436	-7.4256
3095	0.24	0.4478	0.6867	-7.0943
3096	0.55	0.0688	0.249	-5.4626
3097	1.27	0.0037	0.0383	-2.4317
3098	-1.01	0.0415	0.1835	-4.9605
3099	0.13	0.2891	0.5632	-6.7669
3100	-0.4	0.0323	0.1601	-4.7081
3101	0.07	0.5013	0.7263	-7.1685
3102	0.13	0.1721	0.4369	-6.3243
3103	0.04	0.7682	0.8833	-7.3872
3104	-0.16	0.3959	0.6453	-7.0078
3105	0.07	0.521	0.7405	-7.1926
3106	0.11	0.5719	0.7737	-7.2479
3107	1.14	0.0001	0.0043	1.1575
3108	0.24	0.1626	0.423	-6.2736
3109	-1.28	0.0015	0.0236	-1.2714
3110	-1.4	0.003	0.0341	-2.0078
3111	-0.09	0.4939	0.7214	-7.159
3112	-1.23	0.0029	0.0338	-1.9792
3113	-0.13	0.4416	0.685	-7.0848
3114	-0.08	0.6449	0.8162	-7.312
3115	-0.29	0.2654	0.5407	-6.6972
3116	-0.04	0.8952	0.9496	-7.4289
3117	0.15	0.1413	0.3924	-6.1457
3118	0.02	0.9304	0.9676	-7.4347
3119	0.01	0.9698	0.9852	-7.4384
3120	0.25	0.2144	0.4907	-6.5173
3121	0.35	0.0762	0.2645	-5.5618
3122	-0.34	0.2929	0.5671	-6.7772
3123	-0.36	0.1936	0.4653	-6.4287
3124	-0.48	0.1801	0.4486	-6.3646
3125	-0.01	0.9853	0.9939	-7.4391
3126	0.91	0.0051	0.0457	-2.7794
3127	0.69	0.0503	0.2085	-5.1524
3128	-0.12	0.4808	0.7143	-7.1416
3129	-0.07	0.8535	0.9301	-7.4189
3130	0	0.9876	0.9943	-7.4391
3131	0.05	0.852	0.9289	-7.4184
3132	-0.05	0.8667	0.9377	-7.4224
3133	0.35	0.2996	0.5747	-6.7954
3134	0.31	0.1505	0.4056	-6.2036
3135	-0.42	0.0209	0.118	-4.2597
3136	-0.01	0.9624	0.9827	-7.438
3137	0.37	0.3189	0.5908	-6.8447
3138	0.35	0.2383	0.5166	-6.6074
3139	-0.64	0.3097	0.5817	-6.8217
3140	0.37	0.3501	0.6115	-6.9166
3141	-0.37	0.1247	0.3629	-6.0307
3142	0.08	0.755	0.875	-7.381
3143	-0.69	0.1556	0.4132	-6.2339
3144	-0.09	0.5597	0.7654	-7.2355